-- Adminer 4.2.5 MySQL dump

SET NAMES utf8;
SET time_zone = '+00:00';
SET foreign_key_checks = 0;
SET sql_mode = 'NO_AUTO_VALUE_ON_ZERO';

DROP TABLE IF EXISTS `acl_classes`;
CREATE TABLE `acl_classes` (
  `id` int(10) unsigned NOT NULL AUTO_INCREMENT,
  `class_type` varchar(200) COLLATE utf8_unicode_ci NOT NULL,
  PRIMARY KEY (`id`),
  UNIQUE KEY `UNIQ_69DD750638A36066` (`class_type`)
) ENGINE=InnoDB DEFAULT CHARSET=utf8 COLLATE=utf8_unicode_ci;


DROP TABLE IF EXISTS `acl_entries`;
CREATE TABLE `acl_entries` (
  `id` int(10) unsigned NOT NULL AUTO_INCREMENT,
  `class_id` int(10) unsigned NOT NULL,
  `object_identity_id` int(10) unsigned DEFAULT NULL,
  `security_identity_id` int(10) unsigned NOT NULL,
  `field_name` varchar(50) COLLATE utf8_unicode_ci DEFAULT NULL,
  `ace_order` smallint(5) unsigned NOT NULL,
  `mask` int(11) NOT NULL,
  `granting` tinyint(1) NOT NULL,
  `granting_strategy` varchar(30) COLLATE utf8_unicode_ci NOT NULL,
  `audit_success` tinyint(1) NOT NULL,
  `audit_failure` tinyint(1) NOT NULL,
  PRIMARY KEY (`id`),
  UNIQUE KEY `UNIQ_46C8B806EA000B103D9AB4A64DEF17BCE4289BF4` (`class_id`,`object_identity_id`,`field_name`,`ace_order`),
  KEY `IDX_46C8B806EA000B103D9AB4A6DF9183C9` (`class_id`,`object_identity_id`,`security_identity_id`),
  KEY `IDX_46C8B806EA000B10` (`class_id`),
  KEY `IDX_46C8B8063D9AB4A6` (`object_identity_id`),
  KEY `IDX_46C8B806DF9183C9` (`security_identity_id`),
  CONSTRAINT `FK_46C8B8063D9AB4A6` FOREIGN KEY (`object_identity_id`) REFERENCES `acl_object_identities` (`id`) ON DELETE CASCADE ON UPDATE CASCADE,
  CONSTRAINT `FK_46C8B806DF9183C9` FOREIGN KEY (`security_identity_id`) REFERENCES `acl_security_identities` (`id`) ON DELETE CASCADE ON UPDATE CASCADE,
  CONSTRAINT `FK_46C8B806EA000B10` FOREIGN KEY (`class_id`) REFERENCES `acl_classes` (`id`) ON DELETE CASCADE ON UPDATE CASCADE
) ENGINE=InnoDB DEFAULT CHARSET=utf8 COLLATE=utf8_unicode_ci;


DROP TABLE IF EXISTS `acl_object_identities`;
CREATE TABLE `acl_object_identities` (
  `id` int(10) unsigned NOT NULL AUTO_INCREMENT,
  `parent_object_identity_id` int(10) unsigned DEFAULT NULL,
  `class_id` int(10) unsigned NOT NULL,
  `object_identifier` varchar(100) COLLATE utf8_unicode_ci NOT NULL,
  `entries_inheriting` tinyint(1) NOT NULL,
  PRIMARY KEY (`id`),
  UNIQUE KEY `UNIQ_9407E5494B12AD6EA000B10` (`object_identifier`,`class_id`),
  KEY `IDX_9407E54977FA751A` (`parent_object_identity_id`),
  CONSTRAINT `FK_9407E54977FA751A` FOREIGN KEY (`parent_object_identity_id`) REFERENCES `acl_object_identities` (`id`)
) ENGINE=InnoDB DEFAULT CHARSET=utf8 COLLATE=utf8_unicode_ci;


DROP TABLE IF EXISTS `acl_object_identity_ancestors`;
CREATE TABLE `acl_object_identity_ancestors` (
  `object_identity_id` int(10) unsigned NOT NULL,
  `ancestor_id` int(10) unsigned NOT NULL,
  PRIMARY KEY (`object_identity_id`,`ancestor_id`),
  KEY `IDX_825DE2993D9AB4A6` (`object_identity_id`),
  KEY `IDX_825DE299C671CEA1` (`ancestor_id`),
  CONSTRAINT `FK_825DE2993D9AB4A6` FOREIGN KEY (`object_identity_id`) REFERENCES `acl_object_identities` (`id`) ON DELETE CASCADE ON UPDATE CASCADE,
  CONSTRAINT `FK_825DE299C671CEA1` FOREIGN KEY (`ancestor_id`) REFERENCES `acl_object_identities` (`id`) ON DELETE CASCADE ON UPDATE CASCADE
) ENGINE=InnoDB DEFAULT CHARSET=utf8 COLLATE=utf8_unicode_ci;


DROP TABLE IF EXISTS `acl_security_identities`;
CREATE TABLE `acl_security_identities` (
  `id` int(10) unsigned NOT NULL AUTO_INCREMENT,
  `identifier` varchar(200) COLLATE utf8_unicode_ci NOT NULL,
  `username` tinyint(1) NOT NULL,
  PRIMARY KEY (`id`),
  UNIQUE KEY `UNIQ_8835EE78772E836AF85E0677` (`identifier`,`username`)
) ENGINE=InnoDB DEFAULT CHARSET=utf8 COLLATE=utf8_unicode_ci;


DROP TABLE IF EXISTS `catalog`;
CREATE TABLE `catalog` (
  `id` int(11) NOT NULL AUTO_INCREMENT,
  `name` varchar(255) COLLATE utf8_unicode_ci NOT NULL,
  `title` varchar(255) COLLATE utf8_unicode_ci NOT NULL,
  `description` varchar(255) COLLATE utf8_unicode_ci NOT NULL,
  `keywords` varchar(255) COLLATE utf8_unicode_ci NOT NULL,
  `alt` varchar(255) COLLATE utf8_unicode_ci NOT NULL,
  `imageName` varchar(255) COLLATE utf8_unicode_ci NOT NULL,
  `imageSize` int(11) NOT NULL,
  `updated` datetime NOT NULL,
  PRIMARY KEY (`id`)
) ENGINE=InnoDB DEFAULT CHARSET=utf8 COLLATE=utf8_unicode_ci;

INSERT INTO `catalog` (`id`, `name`, `title`, `description`, `keywords`, `alt`, `imageName`, `imageSize`, `updated`) VALUES
(1,	'КУХНИ',	'Каталог кухонь',	'В нашем салоне в Москве вы можете приобрести кухонный гарнитур от фабрики ЗОВ',	'кухни, москва, кухни зов',	'Кухни Москва',	'catalog_home.jpg',	12200,	'2017-10-02 11:44:12'),
(2,	'СТОЛЫ И СТУЛЬЯ',	'Обеденные группы',	'В нашем салоне в Москве вы можете приобрести кухонный гарнитур от фабрики ЗОВ',	'кухни, москва, кухни зов',	'Alpha Lack',	'catalog_home_stoly.jpg',	12200,	'2017-10-02 11:44:12'),
(3,	'ГОСТИНЫЕ и СПАЛЬНИ',	'Корпусная мебель',	'В нашем салоне в Москве вы можете приобрести кухонный гарнитур от фабрики ЗОВ',	'кухни, москва, кухни зов',	'Гостиные Спальни Москва',	'catalog_home_gostinye.jpg',	12200,	'2017-10-02 11:44:12'),
(4,	'ДВЕРИ ИЗ МАССИВА',	'Межкомнатные двери',	'В нашем салоне в Москве вы можете приобрести кухонный гарнитур от фабрики ЗОВ',	'кухни, москва, кухни зов',	'Двери межкомнатные Москва',	'catalog_home_dveri.jpg',	12200,	'2017-10-02 11:44:12'),
(5,	'КОМПЛЕКТУЮЩИЕ',	'Наполнение кухонь',	'В нашем салоне в Москве вы можете приобрести кухонный гарнитур от фабрики ЗОВ',	'кухни, москва, кухни зов',	'Glas Tec Plus',	'catalog_home_furnitura.jpg',	12200,	'2017-10-02 11:44:12');

DROP TABLE IF EXISTS `fasadColor_kuhni`;
CREATE TABLE `fasadColor_kuhni` (
  `kuhni_id` int(11) NOT NULL,
  `fasadColors_id` int(11) NOT NULL,
  PRIMARY KEY (`kuhni_id`,`fasadColors_id`),
  KEY `IDX_72B37B244B787CB8` (`kuhni_id`),
  KEY `IDX_72B37B2454BBB641` (`fasadColors_id`),
  CONSTRAINT `FK_72B37B244B787CB8` FOREIGN KEY (`kuhni_id`) REFERENCES `kuhni` (`id`),
  CONSTRAINT `FK_72B37B2454BBB641` FOREIGN KEY (`fasadColors_id`) REFERENCES `fasad_color` (`id`)
) ENGINE=InnoDB DEFAULT CHARSET=utf8 COLLATE=utf8_unicode_ci;


DROP TABLE IF EXISTS `fasadColor_project`;
CREATE TABLE `fasadColor_project` (
  `project_id` int(11) NOT NULL,
  `fasadColors_id` int(11) NOT NULL,
  PRIMARY KEY (`project_id`,`fasadColors_id`),
  KEY `IDX_22DAEEB0166D1F9C` (`project_id`),
  KEY `IDX_22DAEEB054BBB641` (`fasadColors_id`),
  CONSTRAINT `FK_22DAEEB0166D1F9C` FOREIGN KEY (`project_id`) REFERENCES `project` (`id`),
  CONSTRAINT `FK_22DAEEB054BBB641` FOREIGN KEY (`fasadColors_id`) REFERENCES `fasad_color` (`id`)
) ENGINE=InnoDB DEFAULT CHARSET=utf8 COLLATE=utf8_unicode_ci;


DROP TABLE IF EXISTS `fasadType_kuhni`;
CREATE TABLE `fasadType_kuhni` (
  `kuhni_id` int(11) NOT NULL,
  `fasadTypes_id` int(11) NOT NULL,
  PRIMARY KEY (`kuhni_id`,`fasadTypes_id`),
  KEY `IDX_AD2F21CD4B787CB8` (`kuhni_id`),
  KEY `IDX_AD2F21CD5819661A` (`fasadTypes_id`),
  CONSTRAINT `FK_AD2F21CD4B787CB8` FOREIGN KEY (`kuhni_id`) REFERENCES `kuhni` (`id`),
  CONSTRAINT `FK_AD2F21CD5819661A` FOREIGN KEY (`fasadTypes_id`) REFERENCES `fasad_type` (`id`)
) ENGINE=InnoDB DEFAULT CHARSET=utf8 COLLATE=utf8_unicode_ci;


DROP TABLE IF EXISTS `fasadType_project`;
CREATE TABLE `fasadType_project` (
  `project_id` int(11) NOT NULL,
  `fasadTypes_id` int(11) NOT NULL,
  PRIMARY KEY (`project_id`,`fasadTypes_id`),
  KEY `IDX_26D8C163166D1F9C` (`project_id`),
  KEY `IDX_26D8C1635819661A` (`fasadTypes_id`),
  CONSTRAINT `FK_26D8C163166D1F9C` FOREIGN KEY (`project_id`) REFERENCES `project` (`id`),
  CONSTRAINT `FK_26D8C1635819661A` FOREIGN KEY (`fasadTypes_id`) REFERENCES `fasad_type` (`id`)
) ENGINE=InnoDB DEFAULT CHARSET=utf8 COLLATE=utf8_unicode_ci;


DROP TABLE IF EXISTS `fasad_color`;
CREATE TABLE `fasad_color` (
  `id` int(11) NOT NULL AUTO_INCREMENT,
  `imageName` varchar(255) COLLATE utf8_unicode_ci NOT NULL,
  `imageSize` int(11) NOT NULL,
  `updated` datetime NOT NULL,
  `name` varchar(255) COLLATE utf8_unicode_ci NOT NULL,
  `title` varchar(255) COLLATE utf8_unicode_ci NOT NULL,
  `alt` varchar(255) COLLATE utf8_unicode_ci NOT NULL,
  PRIMARY KEY (`id`)
) ENGINE=InnoDB DEFAULT CHARSET=utf8 COLLATE=utf8_unicode_ci;

INSERT INTO `fasad_color` (`id`, `imageName`, `imageSize`, `updated`, `name`, `title`, `alt`) VALUES
(2,	'fasad-massiv-102.jpg',	1024,	'2017-10-06 15:25:36',	'102',	'Фасад массив цвет 102 — Черная патина',	'Фасад массив цвет 102 — Черная патина'),
(3,	'fasad-massiv-106.jpg',	1024,	'2017-10-06 15:25:36',	'106',	'Фасад массив цвет 106 — Черная патина',	'Фасад массив цвет 106 — Черная патина'),
(4,	'fasad-massiv-109.jpg',	1024,	'2017-10-06 15:25:36',	'109',	'Фасад массив цвет 109 — Черная патина',	'Фасад массив цвет 109 — Черная патина'),
(5,	'fasad-massiv-110.jpg',	1024,	'2017-10-06 15:25:36',	'110',	'Фасад массив цвет 110 — Бежевая патина',	'Фасад массив цвет 110 — Бежевая патина'),
(6,	'fasad-massiv-111.jpg',	1024,	'2017-10-06 15:25:36',	'111*',	'Фасад массив цвет 111 — Черная патина (кроме ольхи)',	'Фасад массив цвет 111 — Черная патина (кроме ольхи)'),
(7,	'fasad-massiv-112.jpg',	1024,	'2017-10-06 15:25:36',	'112',	'Фасад массив цвет 112 — Рыжая патина',	'Фасад массив цвет 112 — Рыжая патина'),
(8,	'fasad-massiv-112-2.jpg',	1024,	'2017-10-06 15:25:36',	'112',	'Фасад массив цвет 112 — Патина X109',	'Фасад массив цвет 112 — Патина X109'),
(9,	'fasad-massiv-113.jpg',	1024,	'2017-10-06 15:25:36',	'113',	'Фасад массив цвет 113 — Черная патина',	'Фасад массив цвет 113 — Черная патина'),
(10,	'fasad-massiv-114.jpg',	1024,	'2017-10-06 15:25:36',	'114*',	'Фасад массив цвет 114 — Патина серебро (кроме ольхи)',	'Фасад массив цвет 114 — Патина серебро (кроме ольхи)'),
(11,	'fasad-massiv-115.jpg',	1024,	'2017-10-06 15:25:36',	'115',	'Фасад массив цвет 115 — Золотая патина',	'Фасад массив цвет 115 — Золотая патина'),
(12,	'fasad-massiv-116.jpg',	1024,	'2017-10-06 15:25:36',	'116',	'Фасад массив цвет 116 — Золотая патина',	'Фасад массив цвет 116 — Золотая патина'),
(13,	'fasad-massiv-117.jpg',	1024,	'2017-10-06 15:25:36',	'117',	'Фасад массив цвет 117 — Бежевая патина',	'Фасад массив цвет 117 — Бежевая патина'),
(14,	'fasad-massiv-118.jpg',	1024,	'2017-10-06 15:25:36',	'118',	'Фасад массив цвет 118 — Патина серебро',	'Фасад массив цвет 118 — Патина серебро'),
(15,	'fasad-massiv-120.jpg',	1024,	'2017-10-06 15:25:36',	'120',	'Фасад массив цвет 120',	'Фасад массив цвет 120'),
(16,	'fasad-massiv-121.jpg',	1024,	'2017-10-06 15:25:36',	'121',	'Фасад массив цвет 121',	'Фасад массив цвет 121'),
(17,	'fasad-massiv-122.jpg',	1024,	'2017-10-06 15:25:36',	'122',	'Фасад массив цвет 122 — Белая патина',	'Фасад массив цвет 122 — Белая патина'),
(18,	'fasad-massiv-123.jpg',	1024,	'2017-10-06 15:25:36',	'123',	'Фасад массив цвет 123 — Черная патина',	'Фасад массив цвет 123 — Черная патина'),
(19,	'fasad-massiv-124.jpg',	1024,	'2017-10-06 15:25:36',	'124',	'Фасад массив цвет 124',	'Фасад массив цвет 124'),
(20,	'fasad-massiv-125.jpg',	1024,	'2017-10-06 15:25:36',	'125',	'Фасад массив цвет 125',	'Фасад массив цвет 125'),
(21,	'fasad-massiv-126.jpg',	1024,	'2017-10-06 15:25:36',	'126',	'Фасад массив цвет 126 — Золотая патина',	'Фасад массив цвет 126 — Золотая патина'),
(22,	'fasad-massiv-127.jpg',	1024,	'2017-10-06 15:25:36',	'127',	'Фасад массив цвет 127 — Черная патина',	'Фасад массив цвет 127 — Черная патина'),
(23,	'fasad-massiv-128.jpg',	1024,	'2017-10-06 15:25:36',	'128',	'Фасад массив цвет 128 — Черная патина',	'Фасад массив цвет 128 — Черная патина'),
(24,	'fasad-massiv-129.jpg',	1024,	'2017-10-06 15:25:36',	'129',	'Фасад массив цвет 129 — Патина серебро',	'Фасад массив цвет 129 — Патина серебро'),
(25,	'fasad-massiv-130.jpg',	1024,	'2017-10-06 15:25:36',	'130',	'Фасад массив цвет 130 — Черная патина',	'Фасад массив цвет 130 — Черная патина'),
(26,	'fasad-massiv-131.jpg',	1024,	'2017-10-06 15:25:36',	'131',	'Фасад массив цвет 131 — Патина шоколад',	'Фасад массив цвет 131 — Патина шоколад'),
(27,	'fasad-massiv-132.jpg',	1024,	'2017-10-06 15:25:36',	'132',	'Фасад массив цвет 132 — Патина шоколад',	'Фасад массив цвет 132 — Патина шоколад'),
(28,	'fasad-massiv-133.jpg',	1024,	'2017-10-06 15:25:36',	'133',	'Фасад массив цвет 133 — Золотая патина',	'Фасад массив цвет 133 — Золотая патина'),
(29,	'fasad-massiv-134.jpg',	1024,	'2017-10-06 15:25:36',	'134',	'Фасад массив цвет 134 — Черная патина',	'Фасад массив цвет 134 — Черная патина'),
(30,	'fasad-massiv-135.jpg',	1024,	'2017-10-06 15:25:36',	'135 (F167)',	'Фасад массив цвет 135 (F167) — Патина графит',	'Фасад массив цвет 135 (F167) — Патина графит'),
(31,	'fasad-massiv-136.jpg',	1024,	'2017-10-06 15:25:36',	'136 (S052)',	'Фасад массив цвет 136 (S052) — Патина X109',	'Фасад массив цвет 136 (S052) — Патина X109'),
(32,	'fasad-massiv-137.jpg',	1024,	'2017-10-06 15:25:36',	'137 (N031)',	'Фасад массив цвет 137 (N031) — Золотая патина лак глянец 50',	'Фасад массив цвет 137 (N031) — Золотая патина лак глянец 50'),
(33,	'fasad-acryl-zebranosvetlyi.jpg',	0,	'2017-10-06 15:25:36',	'Зебрано светлый',	'Фасад из акрила цвет Зебрано светлый',	'Фасад из акрила цвет Зебрано светлый'),
(34,	'fasad-acryl-vishnia.jpg',	0,	'2017-10-06 15:25:36',	'Вишня',	'Фасад из акрила цвет Вишня',	'Фасад из акрила цвет Вишня'),
(35,	'fasad-acryl-vinyl.jpg',	0,	'2017-10-06 15:25:36',	'Винил',	'Фасад из акрила цвет Винил',	'Фасад из акрила цвет Винил'),
(36,	'fasad-acryl-ugolmetallik.jpg',	0,	'2017-10-06 15:25:36',	'Уголь металлик',	'Фасад из акрила цвет Уголь металлик',	'Фасад из акрила цвет Уголь металлик'),
(37,	'fasad-acryl-trufel.jpg',	0,	'2017-10-06 15:25:36',	'Трюфель',	'Фасад из акрила цвет Трюфель',	'Фасад из акрила цвет Трюфель'),
(38,	'fasad-acryl-talk.jpg',	0,	'2017-10-06 15:25:36',	'Тальк',	'Фасад из акрила цвет Тальк',	'Фасад из акрила цвет Тальк'),
(39,	'fasad-acryl-svetloseryi.jpg',	0,	'2017-10-06 15:25:36',	'Светлосерый',	'Фасад из акрила цвет Светлосерый',	'Фасад из акрила цвет Светлосерый'),
(40,	'fasad-acryl-stal.jpg',	0,	'2017-10-06 15:25:36',	'Сталь',	'Фасад из акрила цвет Сталь',	'Фасад из акрила цвет Сталь'),
(41,	'fasad-acryl-slivki.jpg',	0,	'2017-10-06 15:25:36',	'Сливки',	'Фасад из акрила цвет Сливки',	'Фасад из акрила цвет Сливки'),
(42,	'fasad-acryl-shokolad.jpg',	0,	'2017-10-06 15:25:36',	'Шоколад',	'Фасад из акрила цвет Шоколад',	'Фасад из акрила цвет Шоколад'),
(43,	'fasad-acryl-shampagnemetallik.jpg',	0,	'2017-10-06 15:25:36',	'Шампань металлик',	'Фасад из акрила цвет Шампань металлик',	'Фасад из акрила цвет Шампань металлик'),
(44,	'fasad-acryl-sahar.jpg',	0,	'2017-10-06 15:25:36',	'Сахар',	'Фасад из акрила цвет Сахар',	'Фасад из акрила цвет Сахар'),
(45,	'fasad-acryl-pepel.jpg',	0,	'2017-10-06 15:25:36',	'Пепел',	'Фасад из акрила цвет Пепел',	'Фасад из акрила цвет Пепел'),
(46,	'fasad-acryl-oblepiha.jpg',	0,	'2017-10-06 15:25:36',	'Облепиха',	'Фасад из акрила цвет Облепиха',	'Фасад из акрила цвет Облепиха'),
(47,	'fasad-acryl-kakao.jpg',	0,	'2017-10-06 15:25:36',	'Какао',	'Фасад из акрила цвет Какао',	'Фасад из акрила цвет Какао'),
(48,	'fasad-acryl-griffelmetallik.jpg',	0,	'2017-10-06 15:25:36',	'Грифель металлик',	'Фасад из акрила цвет Грифель металлик',	'Фасад из акрила цвет Грифель металлик'),
(49,	'fasad-acryl-graphite.jpg',	0,	'2017-10-06 15:25:36',	'Графит',	'Фасад из акрила цвет Графит',	'Фасад из акрила цвет Графит'),
(50,	'fasad-acryl-granat.jpg',	0,	'2017-10-06 15:25:36',	'Гранат',	'Фасад из акрила цвет Гранат',	'Фасад из акрила цвет Гранат'),
(51,	'fasad-acryl-fiolet.jpg',	0,	'2017-10-06 15:25:36',	'Фиолет',	'Фасад из акрила цвет Фиолет',	'Фасад из акрила цвет Фиолет'),
(52,	'fasad-acryl-ezhevika.jpg',	0,	'2017-10-06 15:25:36',	'Ежевика',	'Фасад из акрила цвет Ежевика',	'Фасад из акрила цвет Ежевика'),
(53,	'fasad-acryl-bordo.jpg',	0,	'2017-10-06 15:25:36',	'Бордо',	'Фасад из акрила цвет Бордо',	'Фасад из акрила цвет Бордо'),
(54,	'fasad-acryl-belyi.jpg',	0,	'2017-10-06 15:25:36',	'Белый',	'Фасад из акрила цвет Белый',	'Фасад из акрила цвет Белый'),
(55,	'fasad-plastic-zheltyi.jpg',	0,	'2017-10-06 15:25:36',	'Желтый',	'Фасад из пластика цвет Желтый',	'Фасад из пластика цвет Желтый'),
(56,	'fasad-plastic-zelenyi.jpg',	0,	'2017-10-06 15:25:36',	'Зеленый',	'Фасад из пластика цвет Зеленый',	'Фасад из пластика цвет Зеленый'),
(57,	'fasad-plastic-tuia.jpg',	0,	'2017-10-06 15:25:36',	'Туя',	'Фасад из пластика цвет Туя',	'Фасад из пластика цвет Туя'),
(58,	'fasad-plastic-storm.jpg',	0,	'2017-10-06 15:25:36',	'Шторм',	'Фасад из пластика цвет Шторм',	'Фасад из пластика цвет Шторм'),
(59,	'fasad-plastic-snezhnyi.jpg',	0,	'2017-10-06 15:25:36',	'Снежный',	'Фасад из пластика цвет Снежный',	'Фасад из пластика цвет Снежный'),
(60,	'fasad-plastic-silk.jpg',	0,	'2017-10-06 15:25:36',	'Шелк',	'Фасад из пластика цвет Шелк',	'Фасад из пластика цвет Шелк'),
(61,	'fasad-plastic-seryiperlamutr.jpg',	0,	'2017-10-06 15:25:36',	'Серый перламутр',	'Фасад из пластика цвет Серый перламутр',	'Фасад из пластика цвет Серый перламутр'),
(62,	'fasad-plastic-seryi.jpg',	0,	'2017-10-06 15:25:36',	'Серый',	'Фасад из пластика цвет Серый',	'Фасад из пластика цвет Серый'),
(63,	'fasad-plastic-salatovyi.jpg',	0,	'2017-10-06 15:25:36',	'Салатовый',	'Фасад из пластика цвет Салатовый',	'Фасад из пластика цвет Салатовый'),
(64,	'fasad-plastic-polosatyidub.jpg',	0,	'2017-10-06 15:25:36',	'Полосатый дуб',	'Фасад из пластика цвет Полосатый дуб',	'Фасад из пластика цвет Полосатый дуб'),
(65,	'fasad-plastic-nuga.jpg',	0,	'2017-10-06 15:25:36',	'Нуга',	'Фасад из пластика цвет Нуга',	'Фасад из пластика цвет Нуга'),
(66,	'fasad-plastic-noch.jpg',	0,	'2017-10-06 15:25:36',	'Ночь',	'Фасад из пластика цвет Ночь',	'Фасад из пластика цвет Ночь'),
(67,	'fasad-plastic-morenyidub.jpg',	0,	'2017-10-06 15:25:36',	'Мореный дуб',	'Фасад из пластика цвет Мореный дуб',	'Фасад из пластика цвет Мореный дуб'),
(68,	'fasad-plastic-mint.jpg',	0,	'2017-10-06 15:25:36',	'Мята',	'Фасад из пластика цвет Мята',	'Фасад из пластика цвет Мята'),
(69,	'fasad-plastic-med.jpg',	0,	'2017-10-06 15:25:36',	'Медь перламутр',	'Фасад из пластика цвет Медь перламутр',	'Фасад из пластика цвет Медь перламутр'),
(70,	'fasad-plastic-mahon.jpg',	0,	'2017-10-06 15:25:36',	'Махонь',	'Фасад из пластика цвет Махонь',	'Фасад из пластика цвет Махонь'),
(71,	'fasad-plastic-lotoschernyi.jpg',	0,	'2017-10-06 15:25:36',	'Лотос черный',	'Фасад из пластика цвет Лотос черный',	'Фасад из пластика цвет Лотос черный'),
(72,	'fasad-plastic-lotosbelyi.jpg',	0,	'2017-10-06 15:25:36',	'Лотос белый',	'Фасад из пластика цвет Лотос белый',	'Фасад из пластика цвет Лотос белый'),
(73,	'fasad-plastic-krem.jpg',	0,	'2017-10-06 15:25:36',	'Крем перламутр',	'Фасад из пластика цвет Крем перламутр',	'Фасад из пластика цвет Крем перламутр'),
(74,	'fasad-plastic-krasnyi.jpg',	0,	'2017-10-06 15:25:36',	'Красный',	'Фасад из пластика цвет Красный',	'Фасад из пластика цвет Красный'),
(75,	'fasad-plastic-koritsa.jpg',	0,	'2017-10-06 15:25:36',	'Корица',	'Фасад из пластика цвет Корица',	'Фасад из пластика цвет Корица'),
(76,	'fasad-plastic-kofe.jpg',	0,	'2017-10-06 15:25:36',	'Кофе',	'Фасад из пластика цвет Кофе',	'Фасад из пластика цвет Кофе'),
(77,	'fasad-plastic-kapuchino.jpg',	0,	'2017-10-06 15:25:36',	'Капучино',	'Фасад из пластика цвет Капучино',	'Фасад из пластика цвет Капучино'),
(78,	'fasad-plastic-iva.jpg',	0,	'2017-10-06 15:25:36',	'Ива',	'Фасад из пластика цвет Ива',	'Фасад из пластика цвет Ива'),
(79,	'fasad-plastic-haki.jpg',	0,	'2017-10-06 15:25:36',	'Хаки',	'Фасад из пластика цвет Хаки',	'Фасад из пластика цвет Хаки'),
(80,	'fasad-plastic-fialka.jpg',	0,	'2017-10-06 15:25:36',	'Фиалка',	'Фасад из пластика цвет Фиалка',	'Фасад из пластика цвет Фиалка'),
(81,	'fasad-plastic-citrus.jpg',	0,	'2017-10-06 15:25:36',	'Цитрус',	'Фасад из пластика цвет Цитрус',	'Фасад из пластика цвет Цитрус'),
(82,	'fasad-plastic-biruzovyi.jpg',	0,	'2017-10-06 15:25:36',	'Бирюзовый',	'Фасад из пластика цвет Бирюзовый',	'Фасад из пластика цвет Бирюзовый'),
(83,	'fasad-plastic-bezhevyi.jpg',	0,	'2017-10-06 15:25:36',	'Бежевый',	'Фасад из пластика цвет Бежевый',	'Фасад из пластика цвет Бежевый'),
(84,	'fasad-plastic-baklazhan.jpg',	0,	'2017-10-06 15:25:36',	'Баклажан',	'Фасад из пластика цвет Баклажан',	'Фасад из пластика цвет Баклажан'),
(85,	'fasad-plastic-arcticbelyi.jpg',	0,	'2017-10-06 15:25:36',	'Арктик белый',	'Фасад из пластика цвет Арктик белый',	'Фасад из пластика цвет Арктик белый'),
(86,	'fasad-plastic-apelsin.jpg',	0,	'2017-10-06 15:25:36',	'Апельсин',	'Фасад из пластика цвет Апельсин',	'Фасад из пластика цвет Апельсин'),
(87,	'fasad-plastic-antratsit.jpg',	0,	'2017-10-06 15:25:36',	'Антрацит перламутр',	'Фасад из пластика цвет Антрацит перламутр',	'Фасад из пластика цвет Антрацит перламутр'),
(88,	'fasad-glass-zhemchug.jpg',	0,	'2017-10-06 15:25:36',	'Жемчуг',	'Фасад из стекла цвет Жемчуг',	'Фасад из стекла цвет Жемчуг'),
(89,	'fasad-glass-ultrabelyi.jpg',	0,	'2017-10-06 15:25:36',	'Ультрабелый',	'Фасад из стекла цвет Ультрабелый',	'Фасад из стекла цвет Ультрабелый'),
(90,	'fasad-glass-sunshine.jpg',	0,	'2017-10-06 15:25:36',	'Саншайн',	'Фасад из стекла цвет Саншайн',	'Фасад из стекла цвет Саншайн'),
(91,	'fasad-glass-smol.jpg',	0,	'2017-10-06 15:25:36',	'Смоль',	'Фасад из стекла цвет Смоль',	'Фасад из стекла цвет Смоль'),
(92,	'fasad-glass-mindal.jpg',	0,	'2017-10-06 15:25:36',	'Миндаль',	'Фасад из стекла цвет Миндаль',	'Фасад из стекла цвет Миндаль'),
(93,	'fasad-glass-kashtan.jpg',	0,	'2017-10-06 15:25:36',	'Каштан',	'Фасад из стекла цвет Каштан',	'Фасад из стекла цвет Каштан'),
(94,	'fasad-glass-izumrud.jpg',	0,	'2017-10-06 15:25:36',	'Изумруд',	'Фасад из стекла цвет Изумруд',	'Фасад из стекла цвет Изумруд'),
(95,	'fasad-glass-gavana.jpg',	0,	'2017-10-06 15:25:36',	'Гавана',	'Фасад из стекла цвет Гавана',	'Фасад из стекла цвет Гавана'),
(96,	'fasad-glass-alyi.jpg',	0,	'2017-10-06 15:25:36',	'Алый',	'Фасад из стекла цвет Алый',	'Фасад из стекла цвет Алый'),
(97,	'fasad-glass-akva.jpg',	0,	'2017-10-06 15:25:36',	'Аква',	'Фасад из стекла цвет Аква',	'Фасад из стекла цвет Аква'),
(98,	'fasad-dsp-zoloto.jpg',	0,	'2017-10-06 15:25:36',	'Золото',	'Фасад/корпус ДСП цвет Золото',	'Фасад/корпус ДСП цвет Золото'),
(99,	'fasad-dsp-verba.jpg',	0,	'2017-10-06 15:25:36',	'Верба',	'Фасад/корпус ДСП цвет Верба',	'Фасад/корпус ДСП цвет Верба'),
(100,	'fasad-dsp-santana.jpg',	0,	'2017-10-06 15:25:36',	'Сантана',	'Фасад/корпус ДСП цвет Сантана',	'Фасад/корпус ДСП цвет Сантана'),
(101,	'fasad-dsp-samshit.jpg',	0,	'2017-10-06 15:25:36',	'Самшит',	'Фасад/корпус ДСП цвет Самшит',	'Фасад/корпус ДСП цвет Самшит'),
(102,	'fasad-dsp-rustikal.jpg',	0,	'2017-10-06 15:25:36',	'Рустикаль',	'Фасад/корпус ДСП цвет Рустикаль',	'Фасад/корпус ДСП цвет Рустикаль'),
(103,	'fasad-dsp-platina.jpg',	0,	'2017-10-06 15:25:36',	'Платина',	'Фасад/корпус ДСП цвет Платина',	'Фасад/корпус ДСП цвет Платина'),
(104,	'fasad-dsp-pihta.jpg',	0,	'2017-10-06 15:25:36',	'Пихта',	'Фасад/корпус ДСП цвет Пихта',	'Фасад/корпус ДСП цвет Пихта'),
(105,	'fasad-dsp-pepel.jpg',	0,	'2017-10-06 15:25:36',	'Пепел',	'Фасад/корпус ДСП цвет Пепел',	'Фасад/корпус ДСП цвет Пепел'),
(106,	'fasad-dsp-oreh.jpg',	0,	'2017-10-06 15:25:36',	'Орех',	'Фасад/корпус ДСП цвет Орех',	'Фасад/корпус ДСП цвет Орех'),
(107,	'fasad-dsp-negro.jpg',	0,	'2017-10-06 15:25:36',	'Негро',	'Фасад/корпус ДСП цвет Негро',	'Фасад/корпус ДСП цвет Негро'),
(108,	'fasad-dsp-marino.jpg',	0,	'2017-10-06 15:25:36',	'Марино',	'Фасад/корпус ДСП цвет Марино',	'Фасад/корпус ДСП цвет Марино'),
(109,	'fasad-dsp-magija.jpg',	0,	'2017-10-06 15:25:36',	'Магия',	'Фасад/корпус ДСП цвет Магия',	'Фасад/корпус ДСП цвет Магия'),
(110,	'fasad-dsp-listvennitsa.jpg',	0,	'2017-10-06 15:25:36',	'Лиственница',	'Фасад/корпус ДСП цвет Лиственница',	'Фасад/корпус ДСП цвет Лиственница'),
(111,	'fasad-dsp-legnotabak.jpg',	0,	'2017-10-06 15:25:36',	'Легно табак',	'Фасад/корпус ДСП цвет Легно табак',	'Фасад/корпус ДСП цвет Легно табак'),
(112,	'fasad-dsp-legnosvetlyj.jpg',	0,	'2017-10-06 15:25:36',	'Легно светлый',	'Фасад/корпус ДСП цвет Легно светлый',	'Фасад/корпус ДСП цвет Легно светлый'),
(113,	'fasad-dsp-krem.jpg',	0,	'2017-10-06 15:25:36',	'Крем',	'Фасад/корпус ДСП цвет Крем',	'Фасад/корпус ДСП цвет Крем'),
(114,	'fasad-dsp-kordija.jpg',	0,	'2017-10-06 15:25:36',	'Кордия',	'Фасад/корпус ДСП цвет Кордия',	'Фасад/корпус ДСП цвет Кордия'),
(115,	'fasad-dsp-klen.jpg',	0,	'2017-10-06 15:25:36',	'Клен',	'Фасад/корпус ДСП цвет Клен',	'Фасад/корпус ДСП цвет Клен'),
(116,	'fasad-dsp-grusha.jpg',	0,	'2017-10-06 15:25:36',	'Груша',	'Фасад/корпус ДСП цвет Груша',	'Фасад/корпус ДСП цвет Груша'),
(117,	'fasad-dsp-grafit.jpg',	0,	'2017-10-06 15:25:36',	'Графит',	'Фасад/корпус ДСП цвет Графит',	'Фасад/корпус ДСП цвет Графит'),
(118,	'fasad-dsp-gasienda.jpg',	0,	'2017-10-06 15:25:36',	'Гасиенда',	'Фасад/корпус ДСП цвет Гасиенда',	'Фасад/корпус ДСП цвет Гасиенда'),
(119,	'fasad-dsp-chereshnia.jpg',	0,	'2017-10-06 15:25:36',	'Черешня',	'Фасад/корпус ДСП цвет Черешня',	'Фасад/корпус ДСП цвет Черешня'),
(120,	'fasad-dsp-belyipremium.jpg',	0,	'2017-10-06 15:25:36',	'Белый премиум',	'Фасад/корпус ДСП цвет Белый премиум',	'Фасад/корпус ДСП цвет Белый премиум'),
(121,	'fasad-dsp-beloederevo.jpg',	0,	'2017-10-06 15:25:36',	'Белое дерево',	'Фасад/корпус ДСП цвет Белое дерево',	'Фасад/корпус ДСП цвет Белое дерево'),
(122,	'fasad-dsp-aluminij.jpg',	0,	'2017-10-06 15:25:36',	'Алюминий',	'Фасад/корпус ДСП цвет Алюминий',	'Фасад/корпус ДСП цвет Алюминий'),
(123,	'fasad-dsp-akatsia.jpg',	0,	'2017-10-06 15:25:36',	'Акация',	'Фасад/корпус ДСП цвет Акация',	'Фасад/корпус ДСП цвет Акация'),
(124,	'fasad-acryl-zebranotemnyi.jpg',	0,	'2017-10-06 15:25:36',	'Зебрано темный',	'Фасад из акрила цвет Зебрано темный',	'Фасад из акрила цвет Зебрано темный'),
(125,	'fasad-acryl-zebranosvetlyi.jpg',	0,	'2017-10-06 15:25:36',	'Зебрано светлый',	'Фасад из акрила цвет Зебрано светлый',	'Фасад из акрила цвет Зебрано светлый'),
(126,	'fasad-acryl-vishnia.jpg',	0,	'2017-10-06 15:25:36',	'Вишня',	'Фасад из акрила цвет Вишня',	'Фасад из акрила цвет Вишня'),
(127,	'fasad-acryl-vinyl.jpg',	0,	'2017-10-06 15:25:36',	'Винил',	'Фасад из акрила цвет Винил',	'Фасад из акрила цвет Винил'),
(128,	'fasad-acryl-ugolmetallik.jpg',	0,	'2017-10-06 15:25:36',	'Уголь металлик',	'Фасад из акрила цвет Уголь металлик',	'Фасад из акрила цвет Уголь металлик'),
(129,	'fasad-acryl-trufel.jpg',	0,	'2017-10-06 15:25:36',	'Трюфель',	'Фасад из акрила цвет Трюфель',	'Фасад из акрила цвет Трюфель'),
(130,	'fasad-acryl-talk.jpg',	0,	'2017-10-06 15:25:36',	'Тальк',	'Фасад из акрила цвет Тальк',	'Фасад из акрила цвет Тальк'),
(131,	'fasad-acryl-svetloseryi.jpg',	0,	'2017-10-06 15:25:36',	'Светлосерый',	'Фасад из акрила цвет Светлосерый',	'Фасад из акрила цвет Светлосерый'),
(132,	'fasad-acryl-stal.jpg',	0,	'2017-10-06 15:25:36',	'Сталь',	'Фасад из акрила цвет Сталь',	'Фасад из акрила цвет Сталь'),
(133,	'fasad-acryl-slivki.jpg',	0,	'2017-10-06 15:25:36',	'Сливки',	'Фасад из акрила цвет Сливки',	'Фасад из акрила цвет Сливки'),
(134,	'fasad-acryl-shokolad.jpg',	0,	'2017-10-06 15:25:36',	'Шоколад',	'Фасад из акрила цвет Шоколад',	'Фасад из акрила цвет Шоколад'),
(135,	'fasad-acryl-shampagnemetallik.jpg',	0,	'2017-10-06 15:25:36',	'Шампань металлик',	'Фасад из акрила цвет Шампань металлик',	'Фасад из акрила цвет Шампань металлик'),
(136,	'fasad-acryl-sahar.jpg',	0,	'2017-10-06 15:25:36',	'Сахар',	'Фасад из акрила цвет Сахар',	'Фасад из акрила цвет Сахар'),
(137,	'fasad-acryl-pepel.jpg',	0,	'2017-10-06 15:25:36',	'Пепел',	'Фасад из акрила цвет Пепел',	'Фасад из акрила цвет Пепел'),
(138,	'fasad-acryl-oblepiha.jpg',	0,	'2017-10-06 15:25:36',	'Облепиха',	'Фасад из акрила цвет Облепиха',	'Фасад из акрила цвет Облепиха'),
(139,	'fasad-acryl-kakao.jpg',	0,	'2017-10-06 15:25:36',	'Какао',	'Фасад из акрила цвет Какао',	'Фасад из акрила цвет Какао'),
(140,	'fasad-acryl-griffelmetallik.jpg',	0,	'2017-10-06 15:25:36',	'Грифель металлик',	'Фасад из акрила цвет Грифель металлик',	'Фасад из акрила цвет Грифель металлик'),
(141,	'fasad-acryl-graphite.jpg',	0,	'2017-10-06 15:25:36',	'Графит',	'Фасад из акрила цвет Графит',	'Фасад из акрила цвет Графит'),
(142,	'fasad-acryl-granat.jpg',	0,	'2017-10-06 15:25:36',	'Гранат',	'Фасад из акрила цвет Гранат',	'Фасад из акрила цвет Гранат'),
(143,	'fasad-acryl-fiolet.jpg',	0,	'2017-10-06 15:25:36',	'Фиолет',	'Фасад из акрила цвет Фиолет',	'Фасад из акрила цвет Фиолет'),
(144,	'fasad-acryl-ezhevika.jpg',	0,	'2017-10-06 15:25:36',	'Ежевика',	'Фасад из акрила цвет Ежевика',	'Фасад из акрила цвет Ежевика'),
(145,	'fasad-acryl-bordo.jpg',	0,	'2017-10-06 15:25:36',	'Бордо',	'Фасад из акрила цвет Бордо',	'Фасад из акрила цвет Бордо'),
(146,	'fasad-acryl-belyi.jpg',	0,	'2017-10-06 15:25:36',	'Белый',	'Фасад из акрила цвет Белый',	'Фасад из акрила цвет Белый'),
(147,	'art',	1024,	'2017-11-08 17:21:59',	'art',	'art',	'art'),
(1000,	'no_image.jpg',	1024,	'2017-11-09 11:13:38',	'Подходящих фасадов нету',	'Подходящих фасадов нету',	'Подходящих фасадов нету');

DROP TABLE IF EXISTS `fasad_type`;
CREATE TABLE `fasad_type` (
  `id` int(11) NOT NULL AUTO_INCREMENT,
  `imageName` varchar(255) COLLATE utf8_unicode_ci NOT NULL,
  `imageSize` int(11) NOT NULL,
  `updated` datetime NOT NULL,
  `name` varchar(255) COLLATE utf8_unicode_ci NOT NULL,
  `title` varchar(255) COLLATE utf8_unicode_ci NOT NULL,
  `alt` varchar(255) COLLATE utf8_unicode_ci NOT NULL,
  PRIMARY KEY (`id`)
) ENGINE=InnoDB DEFAULT CHARSET=utf8 COLLATE=utf8_unicode_ci;

INSERT INTO `fasad_type` (`id`, `imageName`, `imageSize`, `updated`, `name`, `title`, `alt`) VALUES
(1,	'fasad-massiv-101.jpg',	1024,	'2017-10-06 15:25:36',	'101',	'Фасад массив цвет 101 — Бежевая патина',	'Фасад массив цвет 101 — Бежевая патина'),
(2,	'fasad-massiv-102.jpg',	1024,	'2017-10-06 15:25:36',	'102',	'Фасад массив цвет 102 — Черная патина',	'Фасад массив цвет 102 — Черная патина'),
(3,	'fasad-massiv-106.jpg',	1024,	'2017-10-06 15:25:36',	'106',	'Фасад массив цвет 106 — Черная патина',	'Фасад массив цвет 106 — Черная патина'),
(4,	'fasad-massiv-109.jpg',	1024,	'2017-10-06 15:25:36',	'109',	'Фасад массив цвет 109 — Черная патина',	'Фасад массив цвет 109 — Черная патина'),
(5,	'fasad-massiv-110.jpg',	1024,	'2017-10-06 15:25:36',	'110',	'Фасад массив цвет 110 — Бежевая патина',	'Фасад массив цвет 110 — Бежевая патина'),
(6,	'fasad-massiv-111.jpg',	1024,	'2017-10-06 15:25:36',	'111*',	'Фасад массив цвет 111 — Черная патина (кроме ольхи)',	'Фасад массив цвет 111 — Черная патина (кроме ольхи)'),
(7,	'fasad-massiv-112.jpg',	1024,	'2017-10-06 15:25:36',	'112',	'Фасад массив цвет 112 — Рыжая патина',	'Фасад массив цвет 112 — Рыжая патина'),
(8,	'fasad-massiv-112-2.jpg',	1024,	'2017-10-06 15:25:36',	'112',	'Фасад массив цвет 112 — Патина X109',	'Фасад массив цвет 112 — Патина X109'),
(9,	'fasad-massiv-113.jpg',	1024,	'2017-10-06 15:25:36',	'113',	'Фасад массив цвет 113 — Черная патина',	'Фасад массив цвет 113 — Черная патина'),
(10,	'fasad-massiv-114.jpg',	1024,	'2017-10-06 15:25:36',	'114*',	'Фасад массив цвет 114 — Патина серебро (кроме ольхи)',	'Фасад массив цвет 114 — Патина серебро (кроме ольхи)'),
(11,	'fasad-massiv-115.jpg',	1024,	'2017-10-06 15:25:36',	'115',	'Фасад массив цвет 115 — Золотая патина',	'Фасад массив цвет 115 — Золотая патина'),
(12,	'fasad-massiv-116.jpg',	1024,	'2017-10-06 15:25:36',	'116',	'Фасад массив цвет 116 — Золотая патина',	'Фасад массив цвет 116 — Золотая патина'),
(13,	'fasad-massiv-117.jpg',	1024,	'2017-10-06 15:25:36',	'117',	'Фасад массив цвет 117 — Бежевая патина',	'Фасад массив цвет 117 — Бежевая патина'),
(14,	'fasad-massiv-118.jpg',	1024,	'2017-10-06 15:25:36',	'118',	'Фасад массив цвет 118 — Патина серебро',	'Фасад массив цвет 118 — Патина серебро'),
(15,	'fasad-massiv-120.jpg',	1024,	'2017-10-06 15:25:36',	'120',	'Фасад массив цвет 120',	'Фасад массив цвет 120'),
(16,	'fasad-massiv-121.jpg',	1024,	'2017-10-06 15:25:36',	'121',	'Фасад массив цвет 121',	'Фасад массив цвет 121'),
(17,	'fasad-massiv-122.jpg',	1024,	'2017-10-06 15:25:36',	'122',	'Фасад массив цвет 122 — Белая патина',	'Фасад массив цвет 122 — Белая патина'),
(18,	'fasad-massiv-123.jpg',	1024,	'2017-10-06 15:25:36',	'123',	'Фасад массив цвет 123 — Черная патина',	'Фасад массив цвет 123 — Черная патина'),
(19,	'fasad-massiv-124.jpg',	1024,	'2017-10-06 15:25:36',	'124',	'Фасад массив цвет 124',	'Фасад массив цвет 124'),
(20,	'fasad-massiv-125.jpg',	1024,	'2017-10-06 15:25:36',	'125',	'Фасад массив цвет 125',	'Фасад массив цвет 125'),
(21,	'fasad-massiv-126.jpg',	1024,	'2017-10-06 15:25:36',	'126',	'Фасад массив цвет 126 — Золотая патина',	'Фасад массив цвет 126 — Золотая патина'),
(22,	'fasad-massiv-127.jpg',	1024,	'2017-10-06 15:25:36',	'127',	'Фасад массив цвет 127 — Черная патина',	'Фасад массив цвет 127 — Черная патина'),
(23,	'fasad-massiv-128.jpg',	1024,	'2017-10-06 15:25:36',	'128',	'Фасад массив цвет 128 — Черная патина',	'Фасад массив цвет 128 — Черная патина'),
(24,	'fasad-massiv-129.jpg',	1024,	'2017-10-06 15:25:36',	'129',	'Фасад массив цвет 129 — Патина серебро',	'Фасад массив цвет 129 — Патина серебро'),
(25,	'fasad-massiv-130.jpg',	1024,	'2017-10-06 15:25:36',	'130',	'Фасад массив цвет 130 — Черная патина',	'Фасад массив цвет 130 — Черная патина'),
(26,	'fasad-massiv-131.jpg',	1024,	'2017-10-06 15:25:36',	'131',	'Фасад массив цвет 131 — Патина шоколад',	'Фасад массив цвет 131 — Патина шоколад'),
(27,	'fasad-massiv-132.jpg',	1024,	'2017-10-06 15:25:36',	'132',	'Фасад массив цвет 132 — Патина шоколад',	'Фасад массив цвет 132 — Патина шоколад'),
(28,	'fasad-massiv-133.jpg',	1024,	'2017-10-06 15:25:36',	'133',	'Фасад массив цвет 133 — Золотая патина',	'Фасад массив цвет 133 — Золотая патина'),
(29,	'fasad-massiv-134.jpg',	1024,	'2017-10-06 15:25:36',	'134',	'Фасад массив цвет 134 — Черная патина',	'Фасад массив цвет 134 — Черная патина'),
(30,	'fasad-massiv-135.jpg',	1024,	'2017-10-06 15:25:36',	'135 (F167)',	'Фасад массив цвет 135 (F167) — Патина графит',	'Фасад массив цвет 135 (F167) — Патина графит'),
(31,	'fasad-massiv-136.jpg',	1024,	'2017-10-06 15:25:36',	'136 (S052)',	'Фасад массив цвет 136 (S052) — Патина X109',	'Фасад массив цвет 136 (S052) — Патина X109'),
(32,	'fasad-massiv-137.jpg',	1024,	'2017-10-06 15:25:36',	'137 (N031)',	'Фасад массив цвет 137 (N031) — Золотая патина лак глянец 50',	'Фасад массив цвет 137 (N031) — Золотая патина лак глянец 50'),
(33,	'fasad-acryl-zebranosvetlyi.jpg',	1024,	'2017-10-06 15:25:36',	'Зебрано светлый',	'Фасад из акрила цвет Зебрано светлый',	'Фасад из акрила цвет Зебрано светлый'),
(34,	'fasad-acryl-vishnia.jpg',	1024,	'2017-10-06 15:25:36',	'Вишня',	'Фасад из акрила цвет Вишня',	'Фасад из акрила цвет Вишня'),
(35,	'fasad-acryl-vinyl.jpg',	1024,	'2017-10-06 15:25:36',	'Винил',	'Фасад из акрила цвет Винил',	'Фасад из акрила цвет Винил'),
(36,	'fasad-acryl-ugolmetallik.jpg',	1024,	'2017-10-06 15:25:36',	'Уголь металлик',	'Фасад из акрила цвет Уголь металлик',	'Фасад из акрила цвет Уголь металлик'),
(37,	'fasad-acryl-trufel.jpg',	1024,	'2017-10-06 15:25:36',	'Трюфель',	'Фасад из акрила цвет Трюфель',	'Фасад из акрила цвет Трюфель'),
(38,	'fasad-acryl-talk.jpg',	1024,	'2017-10-06 15:25:36',	'Тальк',	'Фасад из акрила цвет Тальк',	'Фасад из акрила цвет Тальк'),
(39,	'fasad-acryl-svetloseryi.jpg',	1024,	'2017-10-06 15:25:36',	'Светлосерый',	'Фасад из акрила цвет Светлосерый',	'Фасад из акрила цвет Светлосерый'),
(40,	'fasad-acryl-stal.jpg',	1024,	'2017-10-06 15:25:36',	'Сталь',	'Фасад из акрила цвет Сталь',	'Фасад из акрила цвет Сталь'),
(41,	'fasad-acryl-slivki.jpg',	1024,	'2017-10-06 15:25:36',	'Сливки',	'Фасад из акрила цвет Сливки',	'Фасад из акрила цвет Сливки'),
(42,	'fasad-acryl-shokolad.jpg',	1024,	'2017-10-06 15:25:36',	'Шоколад',	'Фасад из акрила цвет Шоколад',	'Фасад из акрила цвет Шоколад'),
(43,	'fasad-acryl-shampagnemetallik.jpg',	1024,	'2017-10-06 15:25:36',	'Шампань металлик',	'Фасад из акрила цвет Шампань металлик',	'Фасад из акрила цвет Шампань металлик'),
(44,	'fasad-acryl-sahar.jpg',	1024,	'2017-10-06 15:25:36',	'Сахар',	'Фасад из акрила цвет Сахар',	'Фасад из акрила цвет Сахар'),
(45,	'fasad-acryl-pepel.jpg',	1024,	'2017-10-06 15:25:36',	'Пепел',	'Фасад из акрила цвет Пепел',	'Фасад из акрила цвет Пепел'),
(46,	'fasad-acryl-oblepiha.jpg',	1024,	'2017-10-06 15:25:36',	'Облепиха',	'Фасад из акрила цвет Облепиха',	'Фасад из акрила цвет Облепиха'),
(47,	'fasad-acryl-kakao.jpg',	1024,	'2017-10-06 15:25:36',	'Какао',	'Фасад из акрила цвет Какао',	'Фасад из акрила цвет Какао'),
(48,	'fasad-acryl-griffelmetallik.jpg',	1024,	'2017-10-06 15:25:36',	'Грифель металлик',	'Фасад из акрила цвет Грифель металлик',	'Фасад из акрила цвет Грифель металлик'),
(49,	'fasad-acryl-graphite.jpg',	1024,	'2017-10-06 15:25:36',	'Графит',	'Фасад из акрила цвет Графит',	'Фасад из акрила цвет Графит'),
(50,	'fasad-acryl-granat.jpg',	1024,	'2017-10-06 15:25:36',	'Гранат',	'Фасад из акрила цвет Гранат',	'Фасад из акрила цвет Гранат'),
(51,	'fasad-acryl-fiolet.jpg',	1024,	'2017-10-06 15:25:36',	'Фиолет',	'Фасад из акрила цвет Фиолет',	'Фасад из акрила цвет Фиолет'),
(52,	'fasad-acryl-ezhevika.jpg',	1024,	'2017-10-06 15:25:36',	'Ежевика',	'Фасад из акрила цвет Ежевика',	'Фасад из акрила цвет Ежевика'),
(53,	'fasad-acryl-bordo.jpg',	1024,	'2017-10-06 15:25:36',	'Бордо',	'Фасад из акрила цвет Бордо',	'Фасад из акрила цвет Бордо'),
(54,	'fasad-acryl-belyi.jpg',	1024,	'2017-10-06 15:25:36',	'Белый',	'Фасад из акрила цвет Белый',	'Фасад из акрила цвет Белый'),
(55,	'fasad-plastic-zheltyi.jpg',	1024,	'2017-10-06 15:25:36',	'Желтый',	'Фасад из пластика цвет Желтый',	'Фасад из пластика цвет Желтый'),
(56,	'fasad-plastic-zelenyi.jpg',	1024,	'2017-10-06 15:25:36',	'Зеленый',	'Фасад из пластика цвет Зеленый',	'Фасад из пластика цвет Зеленый'),
(57,	'fasad-plastic-tuia.jpg',	1024,	'2017-10-06 15:25:36',	'Туя',	'Фасад из пластика цвет Туя',	'Фасад из пластика цвет Туя'),
(58,	'fasad-plastic-storm.jpg',	1024,	'2017-10-06 15:25:36',	'Шторм',	'Фасад из пластика цвет Шторм',	'Фасад из пластика цвет Шторм'),
(59,	'fasad-plastic-snezhnyi.jpg',	1024,	'2017-10-06 15:25:36',	'Снежный',	'Фасад из пластика цвет Снежный',	'Фасад из пластика цвет Снежный'),
(60,	'fasad-plastic-silk.jpg',	1024,	'2017-10-06 15:25:36',	'Шелк',	'Фасад из пластика цвет Шелк',	'Фасад из пластика цвет Шелк'),
(61,	'fasad-plastic-seryiperlamutr.jpg',	1024,	'2017-10-06 15:25:36',	'Серый перламутр',	'Фасад из пластика цвет Серый перламутр',	'Фасад из пластика цвет Серый перламутр'),
(62,	'fasad-plastic-seryi.jpg',	1024,	'2017-10-06 15:25:36',	'Серый',	'Фасад из пластика цвет Серый',	'Фасад из пластика цвет Серый'),
(63,	'fasad-plastic-salatovyi.jpg',	1024,	'2017-10-06 15:25:36',	'Салатовый',	'Фасад из пластика цвет Салатовый',	'Фасад из пластика цвет Салатовый'),
(64,	'fasad-plastic-polosatyidub.jpg',	1024,	'2017-10-06 15:25:36',	'Полосатый дуб',	'Фасад из пластика цвет Полосатый дуб',	'Фасад из пластика цвет Полосатый дуб'),
(65,	'fasad-plastic-nuga.jpg',	1024,	'2017-10-06 15:25:36',	'Нуга',	'Фасад из пластика цвет Нуга',	'Фасад из пластика цвет Нуга'),
(66,	'fasad-plastic-noch.jpg',	1024,	'2017-10-06 15:25:36',	'Ночь',	'Фасад из пластика цвет Ночь',	'Фасад из пластика цвет Ночь'),
(67,	'fasad-plastic-morenyidub.jpg',	1024,	'2017-10-06 15:25:36',	'Мореный дуб',	'Фасад из пластика цвет Мореный дуб',	'Фасад из пластика цвет Мореный дуб'),
(68,	'fasad-plastic-mint.jpg',	1024,	'2017-10-06 15:25:36',	'Мята',	'Фасад из пластика цвет Мята',	'Фасад из пластика цвет Мята'),
(69,	'fasad-plastic-med.jpg',	1024,	'2017-10-06 15:25:36',	'Медь перламутр',	'Фасад из пластика цвет Медь перламутр',	'Фасад из пластика цвет Медь перламутр'),
(70,	'fasad-plastic-mahon.jpg',	1024,	'2017-10-06 15:25:36',	'Махонь',	'Фасад из пластика цвет Махонь',	'Фасад из пластика цвет Махонь'),
(71,	'fasad-plastic-lotoschernyi.jpg',	1024,	'2017-10-06 15:25:36',	'Лотос черный',	'Фасад из пластика цвет Лотос черный',	'Фасад из пластика цвет Лотос черный'),
(72,	'fasad-plastic-lotosbelyi.jpg',	1024,	'2017-10-06 15:25:36',	'Лотос белый',	'Фасад из пластика цвет Лотос белый',	'Фасад из пластика цвет Лотос белый'),
(73,	'fasad-plastic-krem.jpg',	1024,	'2017-10-06 15:25:36',	'Крем перламутр',	'Фасад из пластика цвет Крем перламутр',	'Фасад из пластика цвет Крем перламутр'),
(74,	'fasad-plastic-krasnyi.jpg',	1024,	'2017-10-06 15:25:36',	'Красный',	'Фасад из пластика цвет Красный',	'Фасад из пластика цвет Красный'),
(75,	'fasad-plastic-koritsa.jpg',	1024,	'2017-10-06 15:25:36',	'Корица',	'Фасад из пластика цвет Корица',	'Фасад из пластика цвет Корица'),
(76,	'fasad-plastic-kofe.jpg',	1024,	'2017-10-06 15:25:36',	'Кофе',	'Фасад из пластика цвет Кофе',	'Фасад из пластика цвет Кофе'),
(77,	'fasad-plastic-kapuchino.jpg',	1024,	'2017-10-06 15:25:36',	'Капучино',	'Фасад из пластика цвет Капучино',	'Фасад из пластика цвет Капучино'),
(78,	'fasad-plastic-iva.jpg',	1024,	'2017-10-06 15:25:36',	'Ива',	'Фасад из пластика цвет Ива',	'Фасад из пластика цвет Ива'),
(79,	'fasad-plastic-haki.jpg',	1024,	'2017-10-06 15:25:36',	'Хаки',	'Фасад из пластика цвет Хаки',	'Фасад из пластика цвет Хаки'),
(80,	'fasad-plastic-fialka.jpg',	1024,	'2017-10-06 15:25:36',	'Фиалка',	'Фасад из пластика цвет Фиалка',	'Фасад из пластика цвет Фиалка'),
(81,	'fasad-plastic-citrus.jpg',	1024,	'2017-10-06 15:25:36',	'Цитрус',	'Фасад из пластика цвет Цитрус',	'Фасад из пластика цвет Цитрус'),
(82,	'fasad-plastic-biruzovyi.jpg',	1024,	'2017-10-06 15:25:36',	'Бирюзовый',	'Фасад из пластика цвет Бирюзовый',	'Фасад из пластика цвет Бирюзовый'),
(83,	'fasad-plastic-bezhevyi.jpg',	1024,	'2017-10-06 15:25:36',	'Бежевый',	'Фасад из пластика цвет Бежевый',	'Фасад из пластика цвет Бежевый'),
(84,	'fasad-plastic-baklazhan.jpg',	1024,	'2017-10-06 15:25:36',	'Баклажан',	'Фасад из пластика цвет Баклажан',	'Фасад из пластика цвет Баклажан'),
(85,	'fasad-plastic-arcticbelyi.jpg',	1024,	'2017-10-06 15:25:36',	'Арктик белый',	'Фасад из пластика цвет Арктик белый',	'Фасад из пластика цвет Арктик белый'),
(86,	'fasad-plastic-apelsin.jpg',	1024,	'2017-10-06 15:25:36',	'Апельсин',	'Фасад из пластика цвет Апельсин',	'Фасад из пластика цвет Апельсин'),
(87,	'fasad-plastic-antratsit.jpg',	1024,	'2017-10-06 15:25:36',	'Антрацит перламутр',	'Фасад из пластика цвет Антрацит перламутр',	'Фасад из пластика цвет Антрацит перламутр'),
(88,	'fasad-glass-zhemchug.jpg',	1024,	'2017-10-06 15:25:36',	'Жемчуг',	'Фасад из стекла цвет Жемчуг',	'Фасад из стекла цвет Жемчуг'),
(89,	'fasad-glass-ultrabelyi.jpg',	1024,	'2017-10-06 15:25:36',	'Ультрабелый',	'Фасад из стекла цвет Ультрабелый',	'Фасад из стекла цвет Ультрабелый'),
(90,	'fasad-glass-sunshine.jpg',	1024,	'2017-10-06 15:25:36',	'Саншайн',	'Фасад из стекла цвет Саншайн',	'Фасад из стекла цвет Саншайн'),
(91,	'fasad-glass-smol.jpg',	1024,	'2017-10-06 15:25:36',	'Смоль',	'Фасад из стекла цвет Смоль',	'Фасад из стекла цвет Смоль'),
(92,	'fasad-glass-mindal.jpg',	1024,	'2017-10-06 15:25:36',	'Миндаль',	'Фасад из стекла цвет Миндаль',	'Фасад из стекла цвет Миндаль'),
(93,	'fasad-glass-kashtan.jpg',	1024,	'2017-10-06 15:25:36',	'Каштан',	'Фасад из стекла цвет Каштан',	'Фасад из стекла цвет Каштан'),
(94,	'fasad-glass-izumrud.jpg',	1024,	'2017-10-06 15:25:36',	'Изумруд',	'Фасад из стекла цвет Изумруд',	'Фасад из стекла цвет Изумруд'),
(95,	'fasad-glass-gavana.jpg',	1024,	'2017-10-06 15:25:36',	'Гавана',	'Фасад из стекла цвет Гавана',	'Фасад из стекла цвет Гавана'),
(96,	'fasad-glass-alyi.jpg',	1024,	'2017-10-06 15:25:36',	'Алый',	'Фасад из стекла цвет Алый',	'Фасад из стекла цвет Алый'),
(97,	'fasad-glass-akva.jpg',	1024,	'2017-10-06 15:25:36',	'Аква',	'Фасад из стекла цвет Аква',	'Фасад из стекла цвет Аква'),
(98,	'fasad-dsp-zoloto.jpg',	1024,	'2017-10-06 15:25:36',	'Золото',	'Фасад/корпус ДСП цвет Золото',	'Фасад/корпус ДСП цвет Золото'),
(99,	'fasad-dsp-verba.jpg',	1024,	'2017-10-06 15:25:36',	'Верба',	'Фасад/корпус ДСП цвет Верба',	'Фасад/корпус ДСП цвет Верба'),
(100,	'fasad-dsp-santana.jpg',	1024,	'2017-10-06 15:25:36',	'Сантана',	'Фасад/корпус ДСП цвет Сантана',	'Фасад/корпус ДСП цвет Сантана'),
(101,	'fasad-dsp-samshit.jpg',	1024,	'2017-10-06 15:25:36',	'Самшит',	'Фасад/корпус ДСП цвет Самшит',	'Фасад/корпус ДСП цвет Самшит'),
(102,	'fasad-dsp-rustikal.jpg',	1024,	'2017-10-06 15:25:36',	'Рустикаль',	'Фасад/корпус ДСП цвет Рустикаль',	'Фасад/корпус ДСП цвет Рустикаль'),
(103,	'fasad-dsp-platina.jpg',	1024,	'2017-10-06 15:25:36',	'Платина',	'Фасад/корпус ДСП цвет Платина',	'Фасад/корпус ДСП цвет Платина'),
(104,	'fasad-dsp-pihta.jpg',	1024,	'2017-10-06 15:25:36',	'Пихта',	'Фасад/корпус ДСП цвет Пихта',	'Фасад/корпус ДСП цвет Пихта'),
(105,	'fasad-dsp-pepel.jpg',	1024,	'2017-10-06 15:25:36',	'Пепел',	'Фасад/корпус ДСП цвет Пепел',	'Фасад/корпус ДСП цвет Пепел'),
(106,	'fasad-dsp-oreh.jpg',	1024,	'2017-10-06 15:25:36',	'Орех',	'Фасад/корпус ДСП цвет Орех',	'Фасад/корпус ДСП цвет Орех'),
(107,	'fasad-dsp-negro.jpg',	1024,	'2017-10-06 15:25:36',	'Негро',	'Фасад/корпус ДСП цвет Негро',	'Фасад/корпус ДСП цвет Негро'),
(108,	'fasad-dsp-marino.jpg',	1024,	'2017-10-06 15:25:36',	'Марино',	'Фасад/корпус ДСП цвет Марино',	'Фасад/корпус ДСП цвет Марино'),
(109,	'fasad-dsp-magija.jpg',	1024,	'2017-10-06 15:25:36',	'Магия',	'Фасад/корпус ДСП цвет Магия',	'Фасад/корпус ДСП цвет Магия'),
(110,	'fasad-dsp-listvennitsa.jpg',	1024,	'2017-10-06 15:25:36',	'Лиственница',	'Фасад/корпус ДСП цвет Лиственница',	'Фасад/корпус ДСП цвет Лиственница'),
(111,	'fasad-dsp-legnotabak.jpg',	1024,	'2017-10-06 15:25:36',	'Легно табак',	'Фасад/корпус ДСП цвет Легно табак',	'Фасад/корпус ДСП цвет Легно табак'),
(112,	'fasad-dsp-legnosvetlyj.jpg',	1024,	'2017-10-06 15:25:36',	'Легно светлый',	'Фасад/корпус ДСП цвет Легно светлый',	'Фасад/корпус ДСП цвет Легно светлый'),
(113,	'fasad-dsp-krem.jpg',	1024,	'2017-10-06 15:25:36',	'Крем',	'Фасад/корпус ДСП цвет Крем',	'Фасад/корпус ДСП цвет Крем'),
(114,	'fasad-dsp-kordija.jpg',	1024,	'2017-10-06 15:25:36',	'Кордия',	'Фасад/корпус ДСП цвет Кордия',	'Фасад/корпус ДСП цвет Кордия'),
(115,	'fasad-dsp-klen.jpg',	1024,	'2017-10-06 15:25:36',	'Клен',	'Фасад/корпус ДСП цвет Клен',	'Фасад/корпус ДСП цвет Клен'),
(116,	'fasad-dsp-grusha.jpg',	1024,	'2017-10-06 15:25:36',	'Груша',	'Фасад/корпус ДСП цвет Груша',	'Фасад/корпус ДСП цвет Груша'),
(117,	'fasad-dsp-grafit.jpg',	1024,	'2017-10-06 15:25:36',	'Графит',	'Фасад/корпус ДСП цвет Графит',	'Фасад/корпус ДСП цвет Графит'),
(118,	'fasad-dsp-gasienda.jpg',	1024,	'2017-10-06 15:25:36',	'Гасиенда',	'Фасад/корпус ДСП цвет Гасиенда',	'Фасад/корпус ДСП цвет Гасиенда'),
(119,	'fasad-dsp-chereshnia.jpg',	1024,	'2017-10-06 15:25:36',	'Черешня',	'Фасад/корпус ДСП цвет Черешня',	'Фасад/корпус ДСП цвет Черешня'),
(120,	'fasad-dsp-belyipremium.jpg',	1024,	'2017-10-06 15:25:36',	'Белый премиум',	'Фасад/корпус ДСП цвет Белый премиум',	'Фасад/корпус ДСП цвет Белый премиум'),
(121,	'fasad-dsp-beloederevo.jpg',	1024,	'2017-10-06 15:25:36',	'Белое дерево',	'Фасад/корпус ДСП цвет Белое дерево',	'Фасад/корпус ДСП цвет Белое дерево'),
(122,	'fasad-dsp-aluminij.jpg',	1024,	'2017-10-06 15:25:36',	'Алюминий',	'Фасад/корпус ДСП цвет Алюминий',	'Фасад/корпус ДСП цвет Алюминий'),
(123,	'fasad-dsp-akatsia.jpg',	1024,	'2017-10-06 15:25:36',	'Акация',	'Фасад/корпус ДСП цвет Акация',	'Фасад/корпус ДСП цвет Акация'),
(124,	'fasad-acryl-zebranotemnyi.jpg',	1024,	'2017-10-06 15:25:36',	'Зебрано темный',	'Фасад из акрила цвет Зебрано темный',	'Фасад из акрила цвет Зебрано темный'),
(125,	'fasad-acryl-zebranosvetlyi.jpg',	1024,	'2017-10-06 15:25:36',	'Зебрано светлый',	'Фасад из акрила цвет Зебрано светлый',	'Фасад из акрила цвет Зебрано светлый'),
(126,	'fasad-acryl-vishnia.jpg',	1024,	'2017-10-06 15:25:36',	'Вишня',	'Фасад из акрила цвет Вишня',	'Фасад из акрила цвет Вишня'),
(127,	'fasad-acryl-vinyl.jpg',	1024,	'2017-10-06 15:25:36',	'Винил',	'Фасад из акрила цвет Винил',	'Фасад из акрила цвет Винил'),
(128,	'fasad-acryl-ugolmetallik.jpg',	1024,	'2017-10-06 15:25:36',	'Уголь металлик',	'Фасад из акрила цвет Уголь металлик',	'Фасад из акрила цвет Уголь металлик'),
(129,	'fasad-acryl-trufel.jpg',	1024,	'2017-10-06 15:25:36',	'Трюфель',	'Фасад из акрила цвет Трюфель',	'Фасад из акрила цвет Трюфель'),
(130,	'fasad-acryl-talk.jpg',	1024,	'2017-10-06 15:25:36',	'Тальк',	'Фасад из акрила цвет Тальк',	'Фасад из акрила цвет Тальк'),
(131,	'fasad-acryl-svetloseryi.jpg',	1024,	'2017-10-06 15:25:36',	'Светлосерый',	'Фасад из акрила цвет Светлосерый',	'Фасад из акрила цвет Светлосерый'),
(132,	'fasad-acryl-stal.jpg',	1024,	'2017-10-06 15:25:36',	'Сталь',	'Фасад из акрила цвет Сталь',	'Фасад из акрила цвет Сталь'),
(133,	'fasad-acryl-slivki.jpg',	1024,	'2017-10-06 15:25:36',	'Сливки',	'Фасад из акрила цвет Сливки',	'Фасад из акрила цвет Сливки'),
(134,	'fasad-acryl-shokolad.jpg',	1024,	'2017-10-06 15:25:36',	'Шоколад',	'Фасад из акрила цвет Шоколад',	'Фасад из акрила цвет Шоколад'),
(135,	'fasad-acryl-shampagnemetallik.jpg',	1024,	'2017-10-06 15:25:36',	'Шампань металлик',	'Фасад из акрила цвет Шампань металлик',	'Фасад из акрила цвет Шампань металлик'),
(136,	'fasad-acryl-sahar.jpg',	1024,	'2017-10-06 15:25:36',	'Сахар',	'Фасад из акрила цвет Сахар',	'Фасад из акрила цвет Сахар'),
(137,	'fasad-acryl-pepel.jpg',	1024,	'2017-10-06 15:25:36',	'Пепел',	'Фасад из акрила цвет Пепел',	'Фасад из акрила цвет Пепел'),
(138,	'fasad-acryl-oblepiha.jpg',	1024,	'2017-10-06 15:25:36',	'Облепиха',	'Фасад из акрила цвет Облепиха',	'Фасад из акрила цвет Облепиха'),
(139,	'fasad-acryl-kakao.jpg',	1024,	'2017-10-06 15:25:36',	'Какао',	'Фасад из акрила цвет Какао',	'Фасад из акрила цвет Какао'),
(140,	'fasad-acryl-griffelmetallik.jpg',	1024,	'2017-10-06 15:25:36',	'Грифель металлик',	'Фасад из акрила цвет Грифель металлик',	'Фасад из акрила цвет Грифель металлик'),
(141,	'fasad-acryl-graphite.jpg',	1024,	'2017-10-06 15:25:36',	'Графит',	'Фасад из акрила цвет Графит',	'Фасад из акрила цвет Графит'),
(142,	'fasad-acryl-granat.jpg',	1024,	'2017-10-06 15:25:36',	'Гранат',	'Фасад из акрила цвет Гранат',	'Фасад из акрила цвет Гранат'),
(143,	'fasad-acryl-fiolet.jpg',	1024,	'2017-10-06 15:25:36',	'Фиолет',	'Фасад из акрила цвет Фиолет',	'Фасад из акрила цвет Фиолет'),
(144,	'fasad-acryl-ezhevika.jpg',	1024,	'2017-10-06 15:25:36',	'Ежевика',	'Фасад из акрила цвет Ежевика',	'Фасад из акрила цвет Ежевика'),
(145,	'fasad-acryl-bordo.jpg',	1024,	'2017-10-06 15:25:36',	'Бордо',	'Фасад из акрила цвет Бордо',	'Фасад из акрила цвет Бордо'),
(146,	'fasad-acryl-belyi.jpg',	1024,	'2017-10-06 15:25:36',	'Белый',	'Фасад из акрила цвет Белый',	'Фасад из акрила цвет Белый'),
(147,	'fasad-massiv-106.jpg',	1024,	'2017-10-06 15:25:36',	'106',	'Фасад массив цвет 106 — Черная патина',	'Фасад массив цвет 106 — Черная патина'),
(148,	'fasad-massiv-109.jpg',	1024,	'2017-10-06 15:25:36',	'109',	'Фасад массив цвет 109 — Черная патина',	'Фасад массив цвет 109 — Черная патина'),
(149,	'fasad-massiv-110.jpg',	1024,	'2017-10-06 15:25:36',	'110',	'Фасад массив цвет 110 — Бежевая патина',	'Фасад массив цвет 110 — Бежевая патина'),
(150,	'fasad-massiv-111.jpg',	1024,	'2017-10-06 15:25:36',	'111*',	'Фасад массив цвет 111 — Черная патина (кроме ольхи)',	'Фасад массив цвет 111 — Черная патина (кроме ольхи)'),
(151,	'fasad-massiv-112.jpg',	1024,	'2017-10-06 15:25:36',	'112',	'Фасад массив цвет 112 — Рыжая патина',	'Фасад массив цвет 112 — Рыжая патина'),
(152,	'fasad-massiv-112-2.jpg',	1024,	'2017-10-06 15:25:36',	'112',	'Фасад массив цвет 112 — Патина X109',	'Фасад массив цвет 112 — Патина X109'),
(153,	'fasad-massiv-113.jpg',	1024,	'2017-10-06 15:25:36',	'113',	'Фасад массив цвет 113 — Черная патина',	'Фасад массив цвет 113 — Черная патина'),
(154,	'fasad-massiv-114.jpg',	1024,	'2017-10-06 15:25:36',	'114*',	'Фасад массив цвет 114 — Патина серебро (кроме ольхи)',	'Фасад массив цвет 114 — Патина серебро (кроме ольхи)'),
(155,	'fasad-massiv-115.jpg',	1024,	'2017-10-06 15:25:36',	'115',	'Фасад массив цвет 115 — Золотая патина',	'Фасад массив цвет 115 — Золотая патина'),
(156,	'fasad-acryl-pepel.jpg',	1024,	'2017-10-06 15:25:36',	'Пепел',	'Фасад из акрила цвет Пепел',	'Фасад из акрила цвет Пепел'),
(1000,	'no_image.jpg',	1024,	'2017-11-09 11:13:38',	'Подходящих фасадов нету',	'Подходящих фасадов нету',	'Подходящих фасадов нету');

DROP TABLE IF EXISTS `form_call_back`;
CREATE TABLE `form_call_back` (
  `id` int(11) NOT NULL AUTO_INCREMENT,
  `id_salon` int(11) DEFAULT NULL,
  `name` varchar(255) COLLATE utf8_unicode_ci NOT NULL,
  `email` varchar(255) COLLATE utf8_unicode_ci NOT NULL,
  `phone` varchar(255) COLLATE utf8_unicode_ci NOT NULL,
  `geoIP` varchar(255) COLLATE utf8_unicode_ci NOT NULL,
  `created` datetime DEFAULT NULL,
  `url` varchar(255) COLLATE utf8_unicode_ci NOT NULL,
  `message` varchar(255) COLLATE utf8_unicode_ci NOT NULL,
  PRIMARY KEY (`id`),
  KEY `IDX_2B4F19671CEDB527` (`id_salon`),
  CONSTRAINT `FK_2B4F19671CEDB527` FOREIGN KEY (`id_salon`) REFERENCES `salon` (`id`)
) ENGINE=InnoDB DEFAULT CHARSET=utf8 COLLATE=utf8_unicode_ci;


DROP TABLE IF EXISTS `form_cost_project`;
CREATE TABLE `form_cost_project` (
  `id` int(11) NOT NULL AUTO_INCREMENT,
  `id_salon` int(11) DEFAULT NULL,
  `name` varchar(255) COLLATE utf8_unicode_ci NOT NULL,
  `phone` varchar(255) COLLATE utf8_unicode_ci NOT NULL,
  `email` varchar(255) COLLATE utf8_unicode_ci NOT NULL,
  `message` varchar(255) COLLATE utf8_unicode_ci NOT NULL,
  `url` varchar(255) COLLATE utf8_unicode_ci NOT NULL,
  `geoIP` varchar(255) COLLATE utf8_unicode_ci NOT NULL,
  `imageName` varchar(255) COLLATE utf8_unicode_ci NOT NULL,
  `imageSize` int(11) NOT NULL,
  `updated` datetime NOT NULL,
  PRIMARY KEY (`id`),
  KEY `IDX_39A13B31CEDB527` (`id_salon`),
  CONSTRAINT `FK_39A13B31CEDB527` FOREIGN KEY (`id_salon`) REFERENCES `salon` (`id`)
) ENGINE=InnoDB DEFAULT CHARSET=utf8 COLLATE=utf8_unicode_ci;


DROP TABLE IF EXISTS `form_designer_at_home`;
CREATE TABLE `form_designer_at_home` (
  `id` int(11) NOT NULL AUTO_INCREMENT,
  `id_salon` int(11) DEFAULT NULL,
  `name` varchar(255) COLLATE utf8_unicode_ci NOT NULL,
  `phone` varchar(255) COLLATE utf8_unicode_ci NOT NULL,
  `message` varchar(255) COLLATE utf8_unicode_ci NOT NULL,
  `geoIP` varchar(255) COLLATE utf8_unicode_ci NOT NULL,
  `url` varchar(255) COLLATE utf8_unicode_ci NOT NULL,
  `created` datetime NOT NULL,
  PRIMARY KEY (`id`),
  KEY `IDX_FCF345DC1CEDB527` (`id_salon`),
  CONSTRAINT `FK_FCF345DC1CEDB527` FOREIGN KEY (`id_salon`) REFERENCES `salon` (`id`)
) ENGINE=InnoDB DEFAULT CHARSET=utf8 COLLATE=utf8_unicode_ci;


DROP TABLE IF EXISTS `form_design_project_shag`;
CREATE TABLE `form_design_project_shag` (
  `id` int(11) NOT NULL AUTO_INCREMENT,
  `id_salon` int(11) DEFAULT NULL,
  `name` varchar(255) COLLATE utf8_unicode_ci NOT NULL,
  `email` varchar(255) COLLATE utf8_unicode_ci NOT NULL,
  `phone` varchar(255) COLLATE utf8_unicode_ci NOT NULL,
  `geoIP` varchar(255) COLLATE utf8_unicode_ci NOT NULL,
  `created` datetime DEFAULT NULL,
  `url` varchar(255) COLLATE utf8_unicode_ci NOT NULL,
  `style` varchar(255) COLLATE utf8_unicode_ci NOT NULL,
  `config` varchar(255) COLLATE utf8_unicode_ci NOT NULL,
  PRIMARY KEY (`id`),
  KEY `IDX_CCA4D7D1CEDB527` (`id_salon`),
  CONSTRAINT `FK_CCA4D7D1CEDB527` FOREIGN KEY (`id_salon`) REFERENCES `salon` (`id`)
) ENGINE=InnoDB DEFAULT CHARSET=utf8 COLLATE=utf8_unicode_ci;


DROP TABLE IF EXISTS `form_free_design_project`;
CREATE TABLE `form_free_design_project` (
  `id` int(11) NOT NULL AUTO_INCREMENT,
  `id_salon` int(11) DEFAULT NULL,
  `name` varchar(255) COLLATE utf8_unicode_ci NOT NULL,
  `phone` varchar(255) COLLATE utf8_unicode_ci NOT NULL,
  `email` varchar(255) COLLATE utf8_unicode_ci NOT NULL,
  `url` varchar(255) COLLATE utf8_unicode_ci NOT NULL,
  `message` varchar(255) COLLATE utf8_unicode_ci NOT NULL,
  `geoIP` varchar(255) COLLATE utf8_unicode_ci NOT NULL,
  `updated` datetime NOT NULL,
  `imageName` varchar(255) COLLATE utf8_unicode_ci NOT NULL,
  `imageSize` int(11) NOT NULL,
  PRIMARY KEY (`id`),
  KEY `IDX_5EFB66691CEDB527` (`id_salon`),
  CONSTRAINT `FK_5EFB66691CEDB527` FOREIGN KEY (`id_salon`) REFERENCES `salon` (`id`)
) ENGINE=InnoDB DEFAULT CHARSET=utf8 COLLATE=utf8_unicode_ci;


DROP TABLE IF EXISTS `form_promo`;
CREATE TABLE `form_promo` (
  `id` int(11) NOT NULL AUTO_INCREMENT,
  `created` datetime DEFAULT NULL,
  `name` varchar(255) COLLATE utf8_unicode_ci NOT NULL,
  `phone` varchar(255) COLLATE utf8_unicode_ci NOT NULL,
  `gorod` varchar(255) COLLATE utf8_unicode_ci NOT NULL,
  `email` varchar(255) COLLATE utf8_unicode_ci NOT NULL,
  `discount` varchar(255) COLLATE utf8_unicode_ci NOT NULL,
  `url` varchar(255) COLLATE utf8_unicode_ci NOT NULL,
  `geoIP` varchar(255) COLLATE utf8_unicode_ci NOT NULL,
  PRIMARY KEY (`id`)
) ENGINE=InnoDB DEFAULT CHARSET=utf8 COLLATE=utf8_unicode_ci;

INSERT INTO `form_promo` (`id`, `created`, `name`, `phone`, `gorod`, `email`, `discount`, `url`, `geoIP`) VALUES
(9,	NULL,	'Зульфия',	'Ш',	'Уфа',	'shakirovazulfiya8421@gmail.com',	'40%',	'http://xn--b1ajv.xn--80adxhks/promo',	'Russia, Ufa, OJSC Ufanet, 94.41.1.111'),
(11,	'2017-11-21 20:52:00',	'Светлана',	'+7 917 405-99-90',	'Уфа',	'sailus@ya.ru',	'40%',	'http://xn--b1ajv.xn--80adxhks/promo',	'Russia, Ufa, PJSC Bashinformsvyaz, 109.187.24.205'),
(12,	'2017-11-22 00:33:59',	'Павел',	'+7 920 109-80-90',	'Ярославль',	'paul_lagostra@mail.ru',	'40%',	'http://xn--b1ajv.xn--80adxhks/promo',	'Russia, Moscow, OJSC Comcor, 92.243.181.1'),
(13,	'2017-11-22 09:46:50',	'Станислав',	'+7 919 480-62-43',	'Пермь',	'krasilov-s@yandex.ru',	'40%',	'http://xn--b1ajv.xn--80adxhks/promo',	'Russia, Perm, JSC ER-Telecom Holding, 37.112.0.192'),
(14,	'2017-11-22 14:03:55',	'Марина',	'+7 920 660-30-25',	'Смоленск',	'm.titkova@narod.ru',	'40%',	'http://xn--b1ajv.xn--80adxhks/promo',	'Russia, Smolensk, MAN net Ltd., 88.135.63.40'),
(15,	'2017-11-22 15:46:36',	'Наталия',	'+7 910 666-60-66',	'Углич',	'expert-ozenka@rambler.ru',	'40%',	'http://xn--b1ajv.xn--80adxhks/promo',	'Russia, Uglich, Sigma-Net Ltd., 192.162.192.115'),
(16,	'2017-11-22 20:10:31',	'Евгения',	'+7 904 737-87-38',	'Новокузнецк',	'buser@kuz.ru',	'40%',	'http://xn--b1ajv.xn--80adxhks/promo',	'Russia, Novokuznetsk, Sibirskie Seti Ltd., 5.44.172.33'),
(17,	'2017-11-23 12:08:24',	'Наталия',	'+7 903 824-17-56',	'Ярославль',	'xhataiiia@gmail.com',	'40%',	'http://xn--b1ajv.xn--80adxhks/promo',	'Russia, Yaroslavl, Yarnet Ltd, 212.232.52.141'),
(18,	'2017-11-23 13:30:09',	'',	'',	'',	'',	'40%',	'',	'United States, Ashburn, Amazon, 54.173.35.129'),
(19,	'2017-11-23 16:30:47',	'Михаил',	'+7 920 284-38-88',	'Орёл',	'hamston@yandex.ru',	'40%',	'http://xn--b1ajv.xn--80adxhks/promo',	'Russia, Oryol, Quantum CJSC, 213.170.117.70'),
(20,	'2017-11-23 17:44:00',	'Дмитрий',	'+7 927 755-20-00',	'Самара',	'9722400@mail.ru',	'40%',	'http://xn--b1ajv.xn--80adxhks/promo',	'Russia, Samara, JSC AIST, 92.240.129.202'),
(21,	'2017-11-23 21:25:35',	'Инна',	'+7 910 555-87-78',	'Тула',	'pererusheva_inna@mail.ru',	'40%',	'http://xn--b1ajv.xn--80adxhks/promo',	'Russia, Tula, Rostelecom, 212.35.170.216'),
(22,	'2017-11-24 08:26:17',	'Наталья ',	'+7 917 372-55-35',	'уфа',	'natalia_240107@mail.ru',	'40%',	'http://xn--b1ajv.xn--80adxhks/promo',	'Russia, Chesnokovka, OJSC Ufanet, 81.30.198.74'),
(23,	'2017-11-24 09:41:26',	'Антон',	'+7 903 365-80-00',	'Оренбург',	'218000@list.ru',	'40%',	'http://xn--b1ajv.xn--80adxhks/promo',	'Russia, Chkalov, JSC ER-Telecom Holding, 188.186.244.118'),
(24,	'2017-11-24 19:26:35',	'Olga',	'+7 __3 456-78-32',	'псков',	'olga1970@hot.ee',	'40%',	'http://xn--b1ajv.xn--80adxhks/promo',	'Estonia, Tallinn, AS INFONET, 84.52.62.102'),
(25,	'2017-11-26 15:39:22',	'Вера Николаевна',	'+7 911 493-39-44',	'Калининград',	'doctor_424@mail.ru',	'40%',	'http://xn--b1ajv.xn--80adxhks/promo',	'Belgium, Ostend, Telenet BVBA, 178.116.252.109'),
(27,	'2017-11-29 11:42:34',	'Ольга',	'+7 920 100-29-08',	'Ярославль',	'olga.khodyreva@gmail.com',	'40%',	'http://xn--b1ajv.xn--80adxhks/promo',	'Russia, Yaroslavl, Yarnet Ltd, 212.232.39.63'),
(28,	'2017-12-24 12:43:03',	'',	'',	'',	'',	'40%',	'',	'United States, Ashburn, Amazon, 54.173.35.129');

DROP TABLE IF EXISTS `form_request_call`;
CREATE TABLE `form_request_call` (
  `id` int(11) NOT NULL AUTO_INCREMENT,
  `id_salon` int(11) DEFAULT NULL,
  `name` varchar(255) COLLATE utf8_unicode_ci NOT NULL,
  `phone` varchar(255) COLLATE utf8_unicode_ci NOT NULL,
  `geoIP` varchar(255) COLLATE utf8_unicode_ci NOT NULL,
  `url` varchar(255) COLLATE utf8_unicode_ci NOT NULL,
  `created` datetime NOT NULL,
  PRIMARY KEY (`id`),
  KEY `IDX_D96E43A61CEDB527` (`id_salon`),
  CONSTRAINT `FK_D96E43A61CEDB527` FOREIGN KEY (`id_salon`) REFERENCES `salon` (`id`)
) ENGINE=InnoDB DEFAULT CHARSET=utf8 COLLATE=utf8_unicode_ci;


DROP TABLE IF EXISTS `form_zayavka_razmer`;
CREATE TABLE `form_zayavka_razmer` (
  `id` int(11) NOT NULL AUTO_INCREMENT,
  `id_salon` int(11) DEFAULT NULL,
  `name` varchar(255) COLLATE utf8_unicode_ci NOT NULL,
  `phone` int(11) NOT NULL,
  `message` varchar(255) COLLATE utf8_unicode_ci NOT NULL,
  `geoIP` varchar(255) COLLATE utf8_unicode_ci NOT NULL,
  `url` varchar(255) COLLATE utf8_unicode_ci NOT NULL,
  `created` datetime NOT NULL,
  PRIMARY KEY (`id`),
  KEY `IDX_48F3ACB61CEDB527` (`id_salon`),
  CONSTRAINT `FK_48F3ACB61CEDB527` FOREIGN KEY (`id_salon`) REFERENCES `salon` (`id`)
) ENGINE=InnoDB DEFAULT CHARSET=utf8 COLLATE=utf8_unicode_ci;


DROP TABLE IF EXISTS `fos_user_group`;
CREATE TABLE `fos_user_group` (
  `id` int(11) NOT NULL AUTO_INCREMENT,
  `name` varchar(180) COLLATE utf8_unicode_ci NOT NULL,
  `roles` longtext COLLATE utf8_unicode_ci NOT NULL COMMENT '(DC2Type:array)',
  PRIMARY KEY (`id`),
  UNIQUE KEY `UNIQ_583D1F3E5E237E06` (`name`)
) ENGINE=InnoDB DEFAULT CHARSET=utf8 COLLATE=utf8_unicode_ci;


DROP TABLE IF EXISTS `fos_user_user`;
CREATE TABLE `fos_user_user` (
  `id` int(11) NOT NULL AUTO_INCREMENT,
  `username` varchar(180) COLLATE utf8_unicode_ci NOT NULL,
  `username_canonical` varchar(180) COLLATE utf8_unicode_ci NOT NULL,
  `email` varchar(180) COLLATE utf8_unicode_ci NOT NULL,
  `email_canonical` varchar(180) COLLATE utf8_unicode_ci NOT NULL,
  `enabled` tinyint(1) NOT NULL,
  `salt` varchar(255) COLLATE utf8_unicode_ci DEFAULT NULL,
  `password` varchar(255) COLLATE utf8_unicode_ci NOT NULL,
  `last_login` datetime DEFAULT NULL,
  `confirmation_token` varchar(180) COLLATE utf8_unicode_ci DEFAULT NULL,
  `password_requested_at` datetime DEFAULT NULL,
  `roles` longtext COLLATE utf8_unicode_ci NOT NULL COMMENT '(DC2Type:array)',
  PRIMARY KEY (`id`),
  UNIQUE KEY `UNIQ_C560D76192FC23A8` (`username_canonical`),
  UNIQUE KEY `UNIQ_C560D761A0D96FBF` (`email_canonical`),
  UNIQUE KEY `UNIQ_C560D761C05FB297` (`confirmation_token`)
) ENGINE=InnoDB DEFAULT CHARSET=utf8 COLLATE=utf8_unicode_ci;

INSERT INTO `fos_user_user` (`id`, `username`, `username_canonical`, `email`, `email_canonical`, `enabled`, `salt`, `password`, `last_login`, `confirmation_token`, `password_requested_at`, `roles`) VALUES
(1,	'admin',	'admin',	'antosha.1998.ru@mail.ru',	'antosha.1998.ru@mail.ru',	1,	's8idrmPEbwqhCdI1xVPzmJM.4wnIwxjQBv3avvmmwdk',	'Jj37G2HUiIN+V61ebiIHg9NbA6kzvSSNBiYJNgIJ9HeQT5tL5ighU6QKhn/zg4cQKuMxOBK5MNtULXcafRicjA==',	'2018-01-23 16:13:15',	NULL,	NULL,	'a:1:{i:0;s:16:\"ROLE_SUPER_ADMIN\";}'),
(2,	'zovbelarus',	'zovbelarus',	'zovbelarus.ru@gmail.com',	'zovbelarus.ru@gmail.com',	1,	'GZK7.7Cu1aSTMn2wr43icR1PV9NRfvByReYj62w6gqY',	'tNrvzJPDjY3RRgcJkZbU1QKUhC35vZRbNkU9znRHy3Ix+EHqY5XDd+Yvx1U09bVhL4mOuyGtAH6M9iBXHBFwYQ==',	'2018-01-11 18:01:11',	NULL,	NULL,	'a:1:{i:0;s:16:\"ROLE_SUPER_ADMIN\";}'),
(3,	'm008',	'm008',	'antosha.1998.ru@mail.ru',	'zov2@gmail.com',	1,	's8idrmPEbwqhCdI1xVPzmJM.4wnIwxjQBv3avvmmwdk',	'Jj37G2HUiIN+V61ebiIHg9NbA6kzvSSNBiYJNgIJ9HeQT5tL5ighU6QKhn/zg4cQKuMxOBK5MNtULXcafRicjA==',	'2017-11-11 19:34:05',	NULL,	NULL,	'a:1:{i:0;s:10:\"ROLE_GUEST\";}'),
(4,	'vip1',	'vip1',	'antosha.1998.ru@mail.ru',	'info@kuhnigoroda.ru',	1,	's8idrmPEbwqhCdI1xVPzmJM.4wnIwxjQBv3avvmmwdk',	'Jj37G2HUiIN+V61ebiIHg9NbA6kzvSSNBiYJNgIJ9HeQT5tL5ighU6QKhn/zg4cQKuMxOBK5MNtULXcafRicjA==',	'2017-11-21 11:41:51',	NULL,	NULL,	'a:1:{i:0;s:10:\"ROLE_GUEST\";}'),
(11,	'drozd',	'drozd',	'antosha.1998.ru@mail.ru',	'roomer308@gmail.com',	1,	's8idrmPEbwqhCdI1xVPzmJM.4wnIwxjQBv3avvmmwdk',	'Jj37G2HUiIN+V61ebiIHg9NbA6kzvSSNBiYJNgIJ9HeQT5tL5ighU6QKhn/zg4cQKuMxOBK5MNtULXcafRicjA==',	'2017-11-11 19:34:05',	NULL,	NULL,	'a:1:{i:0;s:10:\"ROLE_GUEST\";}'),
(17,	'zov-1',	'zov-1',	'antosha.1998.ru@mail.ru',	'novashv@gmail.com',	1,	's8idrmPEbwqhCdI1xVPzmJM.4wnIwxjQBv3avvmmwdk',	'Jj37G2HUiIN+V61ebiIHg9NbA6kzvSSNBiYJNgIJ9HeQT5tL5ighU6QKhn/zg4cQKuMxOBK5MNtULXcafRicjA==',	'2017-11-11 19:34:05',	NULL,	NULL,	'a:1:{i:0;s:10:\"ROLE_GUEST\";}'),
(19,	'mos-888',	'mos-888',	'antosha.1998.ru@mail.ru',	'mos-888@mail.ru',	1,	's8idrmPEbwqhCdI1xVPzmJM.4wnIwxjQBv3avvmmwdk',	'Jj37G2HUiIN+V61ebiIHg9NbA6kzvSSNBiYJNgIJ9HeQT5tL5ighU6QKhn/zg4cQKuMxOBK5MNtULXcafRicjA==',	'2017-11-11 19:34:05',	NULL,	NULL,	'a:1:{i:0;s:10:\"ROLE_GUEST\";}'),
(22,	'mos-52',	'mos-52',	'antosha.1998.ru@mail.ru',	'mos-52@mail.ru',	1,	's8idrmPEbwqhCdI1xVPzmJM.4wnIwxjQBv3avvmmwdk',	'Jj37G2HUiIN+V61ebiIHg9NbA6kzvSSNBiYJNgIJ9HeQT5tL5ighU6QKhn/zg4cQKuMxOBK5MNtULXcafRicjA==',	'2017-11-11 19:34:05',	NULL,	NULL,	'a:1:{i:0;s:10:\"ROLE_GUEST\";}'),
(23,	'zai',	'zai',	'antosha.1998.ru@mail.ru',	'zai@mail.ru',	1,	's8idrmPEbwqhCdI1xVPzmJM.4wnIwxjQBv3avvmmwdk',	'Jj37G2HUiIN+V61ebiIHg9NbA6kzvSSNBiYJNgIJ9HeQT5tL5ighU6QKhn/zg4cQKuMxOBK5MNtULXcafRicjA==',	'2017-11-11 19:34:05',	NULL,	NULL,	'a:1:{i:0;s:10:\"ROLE_GUEST\";}'),
(25,	'kommunarka',	'kommunarka',	'antosha.1998.ru@mail.ru',	'lev.ekaterina.s@gmail.com',	1,	's8idrmPEbwqhCdI1xVPzmJM.4wnIwxjQBv3avvmmwdk',	'Jj37G2HUiIN+V61ebiIHg9NbA6kzvSSNBiYJNgIJ9HeQT5tL5ighU6QKhn/zg4cQKuMxOBK5MNtULXcafRicjA==',	'2017-11-11 19:34:05',	NULL,	NULL,	'a:1:{i:0;s:10:\"ROLE_GUEST\";}'),
(27,	'german',	'german',	'antosha.1998.ru@mail.ru',	'german@mail.ru',	1,	's8idrmPEbwqhCdI1xVPzmJM.4wnIwxjQBv3avvmmwdk',	'Jj37G2HUiIN+V61ebiIHg9NbA6kzvSSNBiYJNgIJ9HeQT5tL5ighU6QKhn/zg4cQKuMxOBK5MNtULXcafRicjA==',	'2017-11-11 19:34:05',	NULL,	NULL,	'a:1:{i:0;s:10:\"ROLE_GUEST\";}'),
(33,	'mos-777',	'mos-777',	'antosha.1998.ru@mail.ru',	'kuhnizov4u@gmail.com',	1,	's8idrmPEbwqhCdI1xVPzmJM.4wnIwxjQBv3avvmmwdk',	'Jj37G2HUiIN+V61ebiIHg9NbA6kzvSSNBiYJNgIJ9HeQT5tL5ighU6QKhn/zg4cQKuMxOBK5MNtULXcafRicjA==',	'2017-11-11 19:34:05',	NULL,	NULL,	'a:1:{i:0;s:10:\"ROLE_GUEST\";}'),
(39,	'tvg',	'tvg',	'antosha.1998.ru@mail.ru',	'kuhnibelarusi.bal@gmail.com',	1,	's8idrmPEbwqhCdI1xVPzmJM.4wnIwxjQBv3avvmmwdk',	'Jj37G2HUiIN+V61ebiIHg9NbA6kzvSSNBiYJNgIJ9HeQT5tL5ighU6QKhn/zg4cQKuMxOBK5MNtULXcafRicjA==',	'2017-11-11 19:34:05',	NULL,	NULL,	'a:1:{i:0;s:10:\"ROLE_GUEST\";}'),
(41,	'krukovo',	'krukovo',	'antosha.1998.ru@mail.ru',	'meb1@bk.ru',	1,	's8idrmPEbwqhCdI1xVPzmJM.4wnIwxjQBv3avvmmwdk',	'Jj37G2HUiIN+V61ebiIHg9NbA6kzvSSNBiYJNgIJ9HeQT5tL5ighU6QKhn/zg4cQKuMxOBK5MNtULXcafRicjA==',	'2017-11-11 19:34:05',	NULL,	NULL,	'a:1:{i:0;s:10:\"ROLE_GUEST\";}'),
(43,	'dizel_27',	'dizel_27',	'antosha.1998.ru@mail.ru',	'dizel_27@gmail.com',	1,	'C5LXvc7vMs1GcD0ZMNxzuaN9k/iCI9hmcJ85Op4L7dc',	'lcpbrOnX/LO8tg98fnmReEyWdKbBhGmmcFk+euKQjvkosM4Ep5nfqG7Y6HSwjVtCntsq9v33LrqXBYR0ZuWlhw==',	'2017-12-18 11:47:28',	NULL,	NULL,	'a:1:{i:0;s:16:\"ROLE_SUPER_ADMIN\";}');

DROP TABLE IF EXISTS `home_slider_images`;
CREATE TABLE `home_slider_images` (
  `id` int(11) NOT NULL AUTO_INCREMENT,
  `link` varchar(255) COLLATE utf8_unicode_ci DEFAULT NULL,
  `title` varchar(255) COLLATE utf8_unicode_ci DEFAULT NULL,
  `priority` int(11) NOT NULL,
  `output` tinyint(1) NOT NULL,
  `modal` tinyint(1) NOT NULL,
  `imageNameIconNoHover` varchar(255) COLLATE utf8_unicode_ci NOT NULL,
  `imageSizeIconNoHover` int(11) NOT NULL,
  `imageNameIconOnHover` varchar(255) COLLATE utf8_unicode_ci NOT NULL,
  `imageSizeIconOnHover` int(11) NOT NULL,
  `imageNameBannerPC` varchar(255) COLLATE utf8_unicode_ci NOT NULL,
  `imageSizeBannerPC` int(11) NOT NULL,
  `imageNameBannerMobile` varchar(255) COLLATE utf8_unicode_ci NOT NULL,
  `imageSizeBannerMobile` int(11) NOT NULL,
  `updated` datetime NOT NULL,
  PRIMARY KEY (`id`)
) ENGINE=InnoDB DEFAULT CHARSET=utf8 COLLATE=utf8_unicode_ci;

INSERT INTO `home_slider_images` (`id`, `link`, `title`, `priority`, `output`, `modal`, `imageNameIconNoHover`, `imageSizeIconNoHover`, `imageNameIconOnHover`, `imageSizeIconOnHover`, `imageNameBannerPC`, `imageSizeBannerPC`, `imageNameBannerMobile`, `imageSizeBannerMobile`, `updated`) VALUES
(9,	'http://test.xn--b1ajv.xn--80adxhks/',	'ДЕЙСТВУЮЩИЕ АКЦИИ',	10,	1,	0,	'discountblackico.svg',	1488,	'discountwhiteico.svg',	1488,	'slide-1.jpg',	251228,	'slide-1-mob.jpg',	32089,	'2018-01-19 11:40:31'),
(10,	'http://test.xn--b1ajv.xn--80adxhks/kuhni/massiv',	'ДОПОЛНИТЕЛЬНЫЕ СКИДКИ',	9,	1,	0,	'discounsecondblackico.svg',	1567,	'discounsecondwhiteico.svg',	1567,	'slide-2.jpg',	142753,	'slide-2-mob.jpg',	57662,	'2018-01-19 11:41:34'),
(11,	'freedesignproject',	'ДИЗАЙН БЕСПЛАТНО',	8,	1,	1,	'projectblackico.svg',	1090,	'projectwhiteico.svg',	1090,	'slide-3.jpg',	107943,	'slide-3-mob.jpg',	41360,	'2018-01-19 11:43:21'),
(12,	'costProject',	'ВЫГОДНОЕ ПРЕДЛОЖЕНИЕ',	7,	1,	1,	'pigblackico.svg',	1460,	'pigwhiteico.svg',	1460,	'slide-4.jpg',	58419,	'slide-4-mob.jpg',	33142,	'2018-01-19 11:44:56'),
(13,	'http://test.xn--b1ajv.xn--80adxhks/',	'ХОРОШИЕ ПОДАРКИ',	6,	1,	0,	'presentblackico.svg',	3566,	'presentwhiteico.svg',	3564,	'slide-5.jpg',	153093,	'slide-5-mob.jpg',	47402,	'2018-01-19 11:45:51'),
(14,	'track',	'ОТСЛЕДИТЬ ЗАКАЗ',	5,	1,	0,	'guaranteeblackico.svg',	1128,	'guaranteewhiteico.svg',	1128,	'slide-6.jpg',	34838,	'slide-6-mob.jpg',	28320,	'2018-01-19 11:46:31');

DROP TABLE IF EXISTS `keys_kuhni`;
CREATE TABLE `keys_kuhni` (
  `kuhni_id` int(11) NOT NULL,
  `key_id` int(11) NOT NULL,
  PRIMARY KEY (`kuhni_id`,`key_id`),
  KEY `IDX_74E9BA8A4B787CB8` (`kuhni_id`),
  KEY `IDX_74E9BA8AD145533` (`key_id`),
  CONSTRAINT `FK_74E9BA8A4B787CB8` FOREIGN KEY (`kuhni_id`) REFERENCES `kuhni` (`id`),
  CONSTRAINT `FK_74E9BA8AD145533` FOREIGN KEY (`key_id`) REFERENCES `kuhni_keys` (`id`)
) ENGINE=InnoDB DEFAULT CHARSET=utf8 COLLATE=utf8_unicode_ci;

INSERT INTO `keys_kuhni` (`kuhni_id`, `key_id`) VALUES
(1,	16),
(1,	21),
(1,	37),
(2,	13),
(2,	28),
(2,	33),
(3,	14),
(3,	26),
(3,	33),
(4,	16),
(4,	21),
(4,	37),
(5,	16),
(5,	26),
(5,	37),
(6,	13),
(6,	27),
(6,	38),
(7,	16),
(7,	21),
(7,	39),
(8,	14),
(8,	27),
(8,	40),
(9,	16),
(9,	30),
(9,	41),
(10,	14),
(10,	28),
(10,	42),
(11,	16),
(11,	21),
(11,	33),
(12,	16),
(12,	21),
(12,	34),
(13,	13),
(13,	25),
(13,	35),
(14,	18),
(14,	24),
(14,	36),
(15,	13),
(15,	30),
(15,	37),
(16,	19),
(16,	30),
(16,	38),
(17,	15),
(17,	23),
(17,	39),
(18,	19),
(18,	24),
(18,	40),
(19,	19),
(19,	25),
(19,	41),
(20,	13),
(20,	26),
(20,	42),
(21,	14),
(21,	27),
(21,	33),
(22,	18),
(22,	28),
(22,	34),
(23,	18),
(23,	29),
(23,	35),
(24,	18),
(24,	29),
(24,	35),
(25,	14),
(25,	21),
(25,	37),
(26,	19),
(26,	20),
(26,	38),
(27,	18),
(27,	21),
(27,	39),
(28,	16),
(28,	22),
(28,	40),
(29,	19),
(29,	23),
(29,	41),
(30,	18),
(30,	24),
(30,	42),
(31,	18),
(31,	25),
(31,	41),
(32,	16),
(32,	26),
(32,	33),
(33,	14),
(33,	27),
(33,	34),
(34,	14),
(34,	28),
(34,	35),
(35,	15),
(35,	29),
(35,	36),
(36,	18),
(36,	30),
(36,	37),
(37,	16),
(37,	31),
(37,	38),
(38,	16),
(38,	32),
(38,	39),
(44,	14),
(44,	30),
(44,	33);

DROP TABLE IF EXISTS `keys_projects`;
CREATE TABLE `keys_projects` (
  `project_id` int(11) NOT NULL,
  `key_id` int(11) NOT NULL,
  PRIMARY KEY (`project_id`,`key_id`),
  KEY `IDX_5AF488E0166D1F9C` (`project_id`),
  KEY `IDX_5AF488E0D145533` (`key_id`),
  CONSTRAINT `FK_5AF488E0166D1F9C` FOREIGN KEY (`project_id`) REFERENCES `project` (`id`),
  CONSTRAINT `FK_5AF488E0D145533` FOREIGN KEY (`key_id`) REFERENCES `kuhni_keys` (`id`)
) ENGINE=InnoDB DEFAULT CHARSET=utf8 COLLATE=utf8_unicode_ci;

INSERT INTO `keys_projects` (`project_id`, `key_id`) VALUES
(1,	13),
(1,	14),
(1,	16),
(1,	21),
(1,	26),
(1,	28),
(1,	33),
(1,	37),
(2,	16),
(2,	21),
(2,	33),
(2,	37),
(3,	13),
(3,	16),
(3,	26),
(3,	37),
(4,	16),
(5,	16),
(6,	16),
(6,	27),
(6,	38),
(7,	16),
(7,	21),
(7,	39),
(8,	14),
(8,	27),
(8,	40),
(9,	16),
(9,	30),
(9,	41),
(10,	14),
(10,	16),
(10,	28),
(10,	42),
(11,	16),
(11,	21),
(11,	33),
(12,	16),
(12,	21),
(12,	34),
(13,	13),
(13,	16),
(13,	25),
(13,	35);

DROP TABLE IF EXISTS `kuhni`;
CREATE TABLE `kuhni` (
  `id` int(11) NOT NULL AUTO_INCREMENT,
  `id_catalog` int(11) DEFAULT NULL,
  `price` double NOT NULL,
  `likes` int(11) NOT NULL,
  `count_projects` int(11) NOT NULL,
  `discount` double NOT NULL,
  `name` varchar(255) COLLATE utf8_unicode_ci NOT NULL,
  `fixedPrice` tinyint(1) NOT NULL,
  `slug` varchar(50) COLLATE utf8_unicode_ci NOT NULL,
  `article` varchar(3000) COLLATE utf8_unicode_ci NOT NULL,
  `title` varchar(255) COLLATE utf8_unicode_ci NOT NULL,
  `description` varchar(1000) COLLATE utf8_unicode_ci NOT NULL,
  `keywords` varchar(255) COLLATE utf8_unicode_ci NOT NULL,
  `main_description` varchar(255) COLLATE utf8_unicode_ci NOT NULL,
  `imageName` varchar(255) COLLATE utf8_unicode_ci NOT NULL,
  `imageSize` int(11) NOT NULL,
  `updated` datetime NOT NULL,
  `razmer` varchar(255) COLLATE utf8_unicode_ci NOT NULL,
  `nameFasad` varchar(255) COLLATE utf8_unicode_ci NOT NULL,
  `matFasad` varchar(255) COLLATE utf8_unicode_ci NOT NULL,
  `stoleshnica` varchar(255) COLLATE utf8_unicode_ci NOT NULL,
  `korpus` varchar(255) COLLATE utf8_unicode_ci NOT NULL,
  `furnitura` varchar(255) COLLATE utf8_unicode_ci NOT NULL,
  PRIMARY KEY (`id`),
  UNIQUE KEY `UNIQ_FDF5E4A25E237E06` (`name`),
  UNIQUE KEY `UNIQ_FDF5E4A22B36786B` (`title`),
  KEY `IDX_FDF5E4A2C5B19B37` (`id_catalog`),
  CONSTRAINT `FK_FDF5E4A2C5B19B37` FOREIGN KEY (`id_catalog`) REFERENCES `catalog` (`id`)
) ENGINE=InnoDB DEFAULT CHARSET=utf8 COLLATE=utf8_unicode_ci;

INSERT INTO `kuhni` (`id`, `id_catalog`, `price`, `likes`, `count_projects`, `discount`, `name`, `fixedPrice`, `slug`, `article`, `title`, `description`, `keywords`, `main_description`, `imageName`, `imageSize`, `updated`, `razmer`, `nameFasad`, `matFasad`, `stoleshnica`, `korpus`, `furnitura`) VALUES
(1,	1,	244,	57,	1,	0,	'alberta',	0,	'kuhnia-zov-alberta',	'<p>.</p>',	'Кухня из акрила «Альберта»',	'Особенностью данной модели является сочетание ненавязчивой благородности шпонированных и экспрессивности высокоглянцевых акриловых поверхностей. Высокая функциональность кухни обеспечивается наличием большого количества открытых и закрытых мест для хранения. Интегрированные в фасады ручки-профили привносят в интерьер целостность и гармоничность. Простой дизайн и нейтральные оттенки создают воздушн',	'alberta',	'alberta',	'alberta_1.jpg',	1024,	'2017-10-05 10:13:13',	'275х180х281см',	'Акрил Тальк / T219B (ДСП, оклеенная шпоном ясеня)',	'Акрил / ДСП, оклеенная шпоном ясеня',	'Кварцевый агломерат Бьянко, 20мм',	'n/a',	'Петли Hettich, Подъемные и выдвижные механизмы Blum, выдвижные системы и корзины Sige'),
(2,	1,	255,	53,	1,	0,	'annetta',	0,	'annetta',	'<p>.</p>',	'Кухня из массива «Аннетта»',	'Теплое дерево на контрасте с глянцевыми фасадами придает структурность интерьеру. Увеличенные по высоте навесные элементы предоставляют дополнительное полезное пространство, которое особенно необходимо в помещении с нестандартной планировкой.',	'annetta',	'annetta',	'annetta_1.jpg',	1024,	'2017-10-05 10:13:13',	'60x360x250см',	'ПОСТ5 снежный / T520-120',	'Пластик (ДСП) / Массив Ясеня',	'Пластик Мрамор 38мм',	'ЛДСП Пепел 18мм',	'Петли Hettich, Подъемные и выдвижные механизмы Blum, выдвижные системы и корзины Sige'),
(3,	1,	285,	50,	1,	0,	'art',	0,	'art',	'<p>.</p>',	'Кухня эмаль МДФ «АРТ»',	'Модные оттенки крашеных фасадов придают невероятную теплоту помещению. Эргономично расположенные боковые полки, интегрированные в пенал, являются эффектным акцентом, что превращает обыкновенную кухню в нечто особенное.',	'art',	'art',	'art_1.jpg',	1024,	'2017-10-05 10:13:13',	'180x332x210см',	'RAL 7031 Blue Grey Глянец / ZOV 240 Глянец / ZOV 246 Матовый (структурный)',	'Эмаль, МДФ',	'Туя 38мм',	'ЛДСП Пепел / Графит / Сантана 18мм',	'Hettich, Blum, FGV'),
(4,	1,	308,	51,	1,	0,	'artwood',	0,	'kuhnia-zov-artvud',	'<p>&nbsp;</p>\r\n<p><strong>Д</strong>ерево предоставляет поистине безграничные возможности для воплощения любых дизайнерских решений и в полной мере раскрывает всё изящество классической кухни. Новая коллекция &laquo;Артвуд&raquo; является олицетворением ненавязчивого шика и утонченной изысканности. Центром внимания является остров с множеством декоративных элементов, а также интегрированная в столешницу деревянная поверхность, привносящая дополнительный уют в помещение. Натуральное дерево прекрасно подчеркивает индивидуальность в создании неповторимого интерьера.</p>',	'Кухня из массива «Артвуд»',	'ФАСАДЫ Т515К Массив ясеня ЦВЕТ ФАСАДОВ 110 ВИТРИНЫ #2, стекло прозрачное РУЧКИ Giusti 73-R8 (96мм), 88-R8 СТОЛЕШНИЦА З8мм, пластик, цвет Накарадо / бОмм, массив ясеня, парафиномасляная смесь Палисандр НАКЛАДКА НА СТОЛЕШНИЦУ Массив ясеня, 22мм ДЕКОРАТИВНЫЕ ЭЛЕМЕНТЬI Массив ясеня',	'кухни зов, зов москва, кухня зов артвуд',	'Купить кухню из массива ясеня Артвуд от Белорусской фабрики ЗОВ вы можете купить по индивидуальному заказу в наших фирменных салонах в Москве',	'artwood_1.jpg',	1024,	'2017-10-05 10:13:13',	'365х440х240см',	'Т515К цвет 110',	'Массив ясеня',	'Пластик Накарадо с накладкой из массива ясеня 38мм, массив ясеня 60мм',	'Натуральный шпон Ясеня 18мм',	'Петли Hettich, Подъемные и выдвижные механизмы Blum, выдвижные системы и корзины Sige'),
(5,	1,	310,	47,	1,	0,	'belfast',	0,	'belfast',	'<p>.</p>',	'Крашеная кухня «Белфаст»',	'Особенностью данной модели являются фасады с покрытием, имитирующим текстуру бетона. Нарочито грубая бетонная поверхность в сочетании с теплым деревом создают напряженный контраст, который прекрасно раскрывается в просторном светлом интерьере.',	'belfast',	'belfast',	'belfast_1.jpg',	1024,	'2017-10-05 10:13:13',	'360х367х190см',	'Крашеный МДФ',	'МДФ, эмаль',	'Кварцевый агломерат, цвет Гэлэкси 20мм',	'Крашеный МДФ в цвет фасадов',	'Hettich, Blum, FGV, VOLPATO'),
(6,	1,	241,	45,	1,	0,	'bergen',	0,	'bergen',	'<p>.</p>',	'Кухня лакированная «Берген»',	'Практичный дизайн, полное отсутствие декоративных элементов, лаконизм форм - то, что необходимо жителю мегаполиса с активным образом жизни. Использование данной модели в интерьере поможет функционально увеличить пространство.',	'bergen',	'bergen',	'bergen_1.jpg',	1024,	'2017-10-05 10:13:13',	'319см',	'ПОСТ-АВ Вельвет / ПОСТ-АВ Лен',	'Декоративные панели на основе плиты МДФ',	'Галициа 38мм',	'ЛДСП Графит 18мм',	'Петли Hettich, подъемные и выдвижные механизмы Blum, выдвижные системы и корзины Sige'),
(7,	1,	295,	45,	1,	0,	'born',	0,	'born',	'<p>.</p>',	'Кухня из массива ясеня «Борн»',	'born',	'born',	'born',	'born_1.jpg',	1024,	'2017-10-05 10:13:13',	'345х350х213см',	'Т527 / 114 / 121 без патины',	'массив ясеня',	'Хромикс серебро 38мм с накладкой массив ясеня 22мм',	'ДСП 18мм, оклеенная шпоном ясеня ( толщина шпона 0,6мм) парафиномасляная смесь Палисандр',	'Петли Hettich, Подъемные и выдвижные механизмы Blum, выдвижные системы и корзины Sige'),
(8,	1,	241,	45,	1,	0,	'brig',	0,	'brig',	'<p>.</p>',	'Кухня лакированная «Бриг»',	'Высококачественные лаковые покрытия,оригинальный декор и высокая устойчивость к внешним воздействиям - это те преимущества, которые Вы получаете, выбирая кухню с фасадами из декоративных панелей на основе МДФ. Понятные геометрические формы и множество полезного пространства - несомненный тренд в мебельной индустрии уже долгое время.',	'brig',	'brig',	'brig_1.jpg',	1024,	'2017-10-05 10:13:13',	'180х180х120х180см',	'ПОСТ АВ Георгин / ПОСТ АВ Шалфей',	'Декоративные панели на основе плиты МДФ',	'Туя 38мм',	'ЛДСП Белый Премиум 18мм',	'Петли Hettich, Подъемные и выдвижные механизмы Blum, выдвижные системы и корзины Sige'),
(9,	1,	230,	45,	1,	0,	'brunnen',	0,	'brunnen',	'<p>.</p>',	'Акриловая кухня «Бруннен»',	'Данная модель в светлых тонах способна освежить любое помещение. Высокоглянцевые фасады, столешница и стеновая панель, стилизованная под мрамор, понятные геометрические формы как нельзя лучше подчеркнут выразительность интерьера. Нельзя не оценить также функциональность и вместительность кухни. Наличие достаточного места для хранения порадует любую хозяйку.',	'brunnen',	'brunnen',	'brunnen_1.jpg',	1024,	'2017-10-05 10:13:13',	'424х212см',	'Акрил Сахар / Акрил Светло-серый',	'Акрил',	'Мрамор 38мм',	'ЛДСП Белый Премиум 18мм',	'Петли Hettich, Подъемные и выдвижные механизмы Blum, выдвижные системы и корзины Sige'),
(10,	1,	239,	46,	1,	0,	'chicago',	0,	'chicago',	'<p>.</p>',	'Кухня из пластика «Чикаго»',	'Контрастная цветовая комбинация, четкая геометрия навесных и напольных элементов, а также урбанистический минимализм предоставляют прекрасную возможность для самовыражения. Множество открытых мест для хранения. удлиненная столешница, а также встроенные в нишу вместительные пеналы делают модель максимально функциональной и по-современному уютной.',	'chicago',	'chicago',	'chicago_1.jpg',	1024,	'2017-10-05 10:13:13',	'240х270х300см',	'ПОСТ 5 Нуга / ПОСТ 5 Шторм',	'Пластик (ДСП)',	'Галициа 38мм',	'ЛДСП Золото / Графит 18мм',	'Петли Hettich, Подъемные и выдвижные механизмы Blum, выдвижные системы и корзины Sige'),
(11,	1,	320,	42,	1,	0,	'fortwood',	0,	'kuhnia-zov-fortvud',	'<p>.</p>',	'Кухня «Фортвуд» из массива ясеня',	'ФАСАДЫ Т509 Массив ясеня ЦВЕТ ФАСАДОВ 120 ВИТРИНЫ Стекло песок #1 ВЫТЯЖКА Массив ясеня',	'кухни зов, зов москва, кухня зов фортвуд',	'fortwood',	'fortwood_1.jpg',	1024,	'2017-10-05 10:13:13',	'240 х 380 х 240см',	'T509 цвет 120',	'Массив ясеня',	'Пластик белый иней 38мм',	'Натуральный шпон ясеня в цвет фасадов 18мм',	'Петли Hettich, Подъемные и выдвижные механизмы Blum, выдвижные системы и корзины Sige'),
(12,	1,	320,	41,	1,	0,	'fortwood_v2',	0,	'fortwood_v2',	'<p>.</p>',	'Кухня из массива ясеня «Фортвуд»',	'Суровый скандинавский характер прослеживается во всех элементах данной модели и является на сегодняшний день одним из доминирующих трендов в мебельной моде. Особенностями данной кухни являются прямые линии, сдержанные в своем дизайне декоративные элементы, а также столешница, совмещенная с барной стойкой и выполненная из натурального дерева.',	'fortwood_v2',	'fortwood_v2',	'fortwood_v2_1.jpg',	1024,	'2017-10-05 10:13:13',	'320х280х240х300см',	'Т509 цвет 120',	'Массив ясеня',	'Массив ясеня, парафиномасляная смесь Палисандр, 38мм',	'ДСП 18мм, оклеенная шпоном ясеня в цвет фасадов',	'Петли Hettich, Подъемные и выдвижные механизмы Blum, выдвижные системы и корзины Sige'),
(13,	1,	240,	39,	1,	0,	'glasgow',	0,	'glasgow',	'<p>.</p>',	'Кухня крашеная «Глазго»',	'Элегантная кухня в стиле Прованс не оставит равнодушным даже самого притязательного клиента. Патинированные фасады с утонченными декоративными элементами имитируют текстуру натуральной древесины, что придает интерьеру невероятную торжественность.',	'glasgow',	'glasgow',	'glasgow_1.jpg',	1024,	'2017-10-05 10:13:13',	'220х310см',	'ГЛАЗГО',	'МДФ, ПВХ, эмаль',	'Накарадо 38мм',	'ЛДСП Белый Премиум 18мм',	'Петли Hettich, Подъемные и выдвижные механизмы Blum, выдвижные системы и корзины Sige'),
(14,	1,	198,	38,	0,	0,	'hagen',	0,	'hagen',	'<p>.</p>',	'Кухня «Хаген» из МДФ / ПВХ',	'Если Вы особенно высоко цените конструктивную гибкость и уникальность, тогда Вам стоит обратить внимание на данную модель. Необычно расположенные яркие открытые полки привносят в интерьер свежесть и существенно его облегчают. В центре внимания здесь система SmartCube, предоставляющая безграничные возможности оформления открытого пространства. Фасады с безупречно выполненной контурной фрезеровкой б',	'hagen',	'hagen',	'hagen_1.jpg',	1024,	'2017-10-05 10:13:13',	'312х188х320см',	'Хаген',	'Плита МДФ, оклеенная пленкой ПВХ',	'Сноу Уайт 38мм / 50мм',	'Крашеный МДФ, цвет ZOV136 Матовый / RAL 7010 Tarpaulin Grey Матовый (стуктурный)',	'Петли Hettich, Подъемные и выдвижные механизмы Blum, выдвижные системы и корзины Sige'),
(15,	1,	100,	37,	0,	0,	'integro_ashes',	0,	'integro_ashes',	'<p>.</p>',	'Акриловая кухня «Интегро Ашес»',	'integro_ashes',	'integro_ashes',	'integro_ashes',	'integro-ashes_1.jpg',	1024,	'2017-10-05 10:13:13',	'361см',	'Акрил Сахар,  Акрил Пепел',	'Акрил',	'Туя 38мм',	'ЛДСП Белый премиум 18мм',	'Петли Hettich, Подъемные и выдвижные механизмы Blum, выдвижные системы и корзины Sige'),
(16,	1,	100,	36,	0,	0,	'integro_graphite',	0,	'integro_graphite',	'<p>.</p>',	'Кухня из акрила «Интегро Графит»',	'integro_graphite',	'integro_graphite',	'integro_graphite',	'integro-graphite_1.jpg',	1024,	'2017-10-05 10:13:13',	'331х242х181см',	'Акрил Тальк, Акрил Графит',	'Акрил',	'Кварцевый агломерат, цвет Гэлэкси 40мм / Массив ясеня 60мм, парафиномасляная смесь Палисандр',	'Тальк/Графит',	'Петли Hettich, Подъемные и выдвижные механизмы Blum, выдвижные системы и корзины Sige'),
(17,	1,	205,	34,	0,	0,	'leon',	0,	'leon',	'<p>.</p>',	'Кухня «Леон» рамочный мдф',	'Данная модель представляет собой сбалансированное сочетание понятных геометрических форм и светлых тонов, визуально облегчающих общий вид кухни. Вместительные витрины и увеличенные по высоте шкафы-пеналы дополняют уютный и функциональный дизайн помещения.',	'leon',	'leon',	'leon_1.jpg',	1024,	'2017-10-05 10:13:13',	'180х180х300см',	'ПП Рокко (серая патина) / ПП Бьянко (серая патина)',	'Фасад из плиты МДФ, окленной пленкой ПП',	'Мрамор 38мм',	'Фасад из плиты МДФ, окленной пленкой ПП в цвет фасада 18мм',	'Петли Hettich, Подъемные и выдвижные механизмы Blum, выдвижные системы и корзины Sige'),
(18,	1,	196,	33,	0,	0,	'linnea',	0,	'linnea',	'<p>.</p>',	'Кухня «Линнеа» из мдф пвх',	'Рифленые фасады с поверхностью, имитирующей натуральное дерево, привносят в интерьер умиротворенность загородной жизни. Гармонично совмещенные оттенки и фактуры придают кухне еще большую ценность.',	'linnea',	'linnea',	'linnea_1.jpg',	1024,	'2017-10-05 10:13:13',	'312х270х180см',	'Дуб Светлый / Фьорд / Белый Супермат',	'Фасады из плиты МДФ, оклеенной пленкой ПВХ',	'Сноу Уайт 38мм / кварцевый агломерат, цвет Бьянко',	'пластик Сноу Уайт 38мм / плита МДФ, оклеенная пленкой МДФ в цвет фасадов',	'Петли Hettich, Подъемные и выдвижные механизмы Blum, выдвижные системы и корзины Sige'),
(19,	1,	308,	32,	0,	0,	'loft',	0,	'loft',	'<p>.</p>',	'Кухня из дуба «Лофт»',	'Это просторная кухня исполнена в современном стиле Лофт. Захватывающая комбинация контрастных материалов является здесь основным акцентом. Разнообразные открытые места для хранения, а также многоуровневая стеллажная система SmartCube значительно облегчает внешний вид кухни.',	'loft',	'loft',	'loft_1.jpg',	1024,	'2017-10-05 10:13:13',	'70х120х70х250х220см',	'Т736 Массив дуба / ламинированная ДСП (Синкрон)',	'Массив дуба / ламинированная ДСП',	'Кварцевый агломерат, цвет Гэлакси 20мм / 80мм',	'Массив дуба (толщина 40мм, парафиномасляная смесь Паслисандр)',	'Петли Hettich, Подъемные и выдвижные механизмы Blum, выдвижные системы и корзины Sige'),
(20,	1,	225,	32,	0,	0,	'london',	0,	'london',	'<p>.</p>',	'Кухня «Лондон» крашеный мдф',	'Данная модель прекрасно впишется в интерьер небольшого загородного дома. Прямые формы напольных и навесных шкафов, отличающихся своей практичностью, сдержанные декоративные элементы, а также фасады, покрытые патиной и имитирующие грубоватую текстуру натуральной древесины, невероятно гармонично дополняют друг друга.',	'london',	'london',	'london_1.jpg',	1024,	'2017-10-05 10:13:13',	'435см',	'Лондон Винчестер №13',	'Плита МДФ, покрытая пленкой ПВХ и лаком',	'Сноу Милки 38мм',	'ЛДСП Марино 18мм',	'Петли Hettich, Подъемные и выдвижные механизмы Blum, выдвижные системы и корзины Sige'),
(21,	1,	196,	30,	0,	0,	'longford',	0,	'longford',	'<p>.</p>',	'Крашеная кухня «Лонгфорд»',	'Гармонично сконструированная кухня сдержанного стиля прекрасно впишется в интерьер любой квартиры со стандартной планировкой. Цветовая гамма выдержана в простых приятных оттенках. Пилястры и багет утонченного дизайна, а также столешница с поверхностью имитирующей древесину сосны, служат эффективными акцентами кухни.',	'longford',	'longford',	'longford_1.jpg',	1024,	'2017-10-05 10:13:13',	'380см',	'Лонгфорд ZOV 231 / Лонгфорд RAL 9010 Pure White',	'Плита МДФ, оклеенная грунтовочной пленкой, окрашенная в цвета шкалы RAL  и покрытые лаком',	'Сосна Касцина 38мм',	'ЛДСП Негро 18мм',	'Петли Hettich, Подъемные и выдвижные механизмы Blum, выдвижные системы и корзины Sige'),
(22,	1,	275,	31,	0,	0,	'lotte',	0,	'lotte',	'<p>.</p>',	'Кухня из стекла «Лотте»',	'В представленной стильной модели высококачественные фасады из стекла в освежающих модных оттенках скомбинированы со шпонированной стеновой панелью наилучшим образом. Идеально вмонтированные в фасады скрытые ручки-профили и расположенные в нише пеналы придают оптическую однородность помещению. Встроенный винный стеллаж из шпонированной ДСП заслуживает особого внимания.',	'lotte',	'lotte',	'lotte_1.jpg',	1024,	'2017-10-05 10:13:13',	'320х225см',	'Стекло крашеное Лакобель цвет Индиго / Стекло крашеное Лакобель цвет Ультрабелый',	'Стекло / ДСП',	'Кварцевый агломерат 20мм, цвет Бьянко',	'ЛДСП  18мм',	'Петли Hettich, Подъемные и выдвижные механизмы Blum, выдвижные системы и корзины Sige'),
(23,	1,	275,	30,	0,	0,	'lotte_v2',	0,	'lotte_v2',	'<p>.</p>',	'Стеклянная кухня «Лотте»',	'lotte_v2',	'lotte_v2',	'lotte_v2',	'lotte_v2_1.jpg',	1024,	'2017-10-05 10:13:13',	'320х225см',	'Стекло крашеное Лакобель цвет Каштан / Стекло крашеное Лакобель цвет Ультрабелый',	'Стекло / ДСП',	'Кварцевый агломерат 20мм, цвет Бьянко',	'ЛДСП  18мм',	'Петли Hettich, Подъемные и выдвижные механизмы Blum, выдвижные системы и корзины Sige'),
(24,	1,	308,	28,	0,	0,	'lugano',	0,	'kuhnia-zov-lugano',	'<p>Данная модель в стиле Шале наполняет пространство особенной энергетикой, теплом и уютом. Как известно, Шале - это швейцарскии домик в Альпах, расположеный, как правило, среди гор у реки или озера. При создании коллекции &laquo;Лугано&raquo; был сделан акцент на внешней простоте и практичности, а также на использовании преимущественно натуральных материалов. Незатейливость&nbsp;и лаконичность в исполнении придает кухне, выполненной из натурального дерева, еще большую ценность. Модель прекрасно впишется не только в интерьер загородного дома, но и в просторную квартиру с высокими потолками.</p>',	'Кухня из дерева «Лугано»',	'ФАСАДЫ Т537 Массив ясеня ЦВЕТ ФАСАДОВ 125/101, без патины ВИТРИНЫ Стекло прозрачное РУЧКИ Gamet UP11-GEPM11 (32, 96мм) СТОЛЕШНИЦА 38мм, массив ясеня, парафиномасляная смесь Палисандр БАГЕТ Б-8 БОКОВЫЕ ПАНЕЛИ Рамка - массив ясеня, вставка - ДСП, оклеенная шпоном ясеня (толщина шпона О,бмм) СТОЛ Палермо (массив ясеня, цвет 101, Ш/Д/В- 740/1190/770мм)',	'lugano',	'lugano',	'lugano_1.jpg',	1024,	'2017-10-05 10:13:13',	'160 х 300 х 220 см',	'Т537 цвет 101 / Т537 цвет 125',	'Массив ясеня',	'Массив ясеня 38мм, парафиномасляная смесь Палисандр',	'Натуральный шпон ясеня в цвет фасадов, 18мм',	'Выдвижная система Arcitech (Антрацит)'),
(25,	1,	308,	26,	0,	0,	'madeira',	0,	'kuhnia-zov-madeira',	'<p>Классическая модель с многочисленными декоративными элементами из массива дерева отличается элегантным и неподвластным временем дизайном. Фасады с плоскими вставками не только не перегружают общий вид кухни, но и уравновешивают интерьер. В центре внимания здесь остров с декоративными опорами из натурального дерева, являющийся одновременно достаточно функциональным элементом кухни.</p>',	'Кухня классическая «Мадейра»',	'ФАСАДЫ Т514 Массив ясеня ЦВЕТ ФАСАДОВ 102 ВИТРИНЫ Стекло прозрачное РЕШЕТКИ #2 РУЧКИ Giusti 683-D1 (128мм) СТОЛЕШНИЦА 40мм, кварцевый агломерат, цвет Ройал ДЕКОРАТИВНЫЕ ЭЛЕМЕНТЫ Массив ясеня',	'кухни зов, зов москва, кухня зов мадейра',	'Купить кухню из массива ясеня Мадейра от Белорусской фабрики ЗОВ вы можете купить по индивидуальному заказу в наших фирменных салонах в Москве',	'madeira_1.jpg',	1024,	'2017-10-05 10:13:13',	'180 х 335 х 390 см',	'Т514 цвет 102',	'Массив ясеня',	'Кварцевый агломерат Ройал, 40мм',	'Натуральный шпон ясеня в цвет фасадов 18мм',	'Петли Hettich, Подъемные и выдвижные механизмы Blum, выдвижные системы и корзины Sige'),
(26,	1,	220,	26,	0,	0,	'marseille-4',	0,	'marseille-4',	'<p>.</p>',	'Кухня «Марсель» рамочный мдф',	'Мягкие природные тона и четкие утилитарные формы данной модели придают интерьеру благородный гармоничный вид. Прямые фасады с имитацией выразительной текстуры древесины являются несомненным трендом уже долгое время.',	'marseille-4',	'marseille-4',	'marseille-4_1.jpg',	1024,	'2017-10-05 10:13:13',	'330х360х210см',	'Марсель-4 ПП Бурбон / Марсель-4 ПП Каньон',	'Плита МДФ, оклеенная пленкой ПП',	'Сноу Уайт 38мм',	'ЛДСП Белый Премиум 18мм',	'Петли Hettich, Подъемные и выдвижные механизмы Blum, выдвижные системы и корзины Sige'),
(27,	1,	263,	25,	0,	0,	'nord',	0,	'nord',	'<p>.</p>',	'Кухня из шпона «Норд»',	'Кухня со шпонированными фасадами придает интерьеру дополнительную ценность в отношении качества и функциональности. Благодаря оптимальной конфигурации элементов кухни. Вы получаете гораздо больше полезного пространства.',	'nord',	'nord',	'nord_1.jpg',	1024,	'2017-10-05 10:13:13',	'244х358х418см',	'Т222 цвет 120',	'Массив ясеня',	'Сноу Уайт 38мм / 50мм',	'ДСП 18мм, оклеенная шпоном ясеня (толщина шпона 0,6мм) парафиномасляная смесь Палисандр',	'Петли Hettich, Подъемные и выдвижные механизмы Blum, выдвижные системы и корзины Sige'),
(28,	1,	312,	23,	0,	0,	'norfolk',	0,	'norfolk',	'<p>.</p>',	'Кухня из массива дуба «Норфолк»',	'Данная модель воплощает в себе авангардное дизайнерское решение в оформлении современного интерьера. Классические фасады из натурального дерева, столешница и боковые панели, имитирующие мрамор, а также множество стеклянных поверхностей демонстрируют довольно активное сочетание, гармонично представленное в просторном помещении.',	'norfolk',	'norfolk',	'norfolk_1.jpg',	1024,	'2017-10-05 10:13:13',	'280х160см',	'Акрил Како, Акрил Винил',	'Акрил',	'Бежевый гранит 38мм',	'ЛДСП Негро 18мм',	'Hettich, Blum, FGV'),
(29,	1,	305,	22,	0,	0,	'oldfin',	0,	'oldfin',	'<p>.</p>',	'Кухня из пластика «Олдвин»',	'oldfin',	'oldfin',	'oldfin',	'oldfin_1.jpg',	1024,	'2017-10-05 10:13:13',	'400х310х380см',	'ПОСТ-5 Серый / ПОСТ-5 Шторм',	'Пластик, ДСП',	'Мрамор Вальмасино Светло-Серый 50мм / Массив ясеня, воскобейц Орех 50мм',	'ДСП 18мм, оклеенная пластиком в цвет фасадов',	'Петли Hettich, Подъемные и выдвижные механизмы Blum, выдвижные системы и корзины Sige'),
(30,	1,	680,	21,	0,	0,	'orion-mat-glossy',	0,	'orion-mat-glossy',	'<p>.</p>',	'Крашеная кухня «Орион»',	'Плавно изогнутые линии и интегрированные ручки придают кухне целостность и гармоничность, что является неотъемлемой частью изящного интерьера.',	'orion-mat-glossy',	'orion-mat-glossy',	'orion-mat-glossy_1.jpg',	1024,	'2017-10-05 10:13:13',	'355х132х175х250см',	'NSC S3005-G50Y Матовый (структурный) / RAL 9003 Signal White Глянец',	'Крашеный МДФ',	'Кварцевый агломерат 20мм, цвет Бьянко',	'Крашеный МДФ в цвет фасадов 18мм',	'Петли Hettich, Подъемные и выдвижные механизмы Blum, выдвижные системы и корзины Sige'),
(31,	1,	680,	20,	0,	0,	'orion-olive-grey',	0,	'orion-olive-grey',	'<p>.</p>',	'Крашеная кухня «Орион олив»',	'orion-olive-grey',	'orion-olive-grey',	'orion-olive-grey',	'orion-olive-grey_1.jpg',	1024,	'2017-10-05 10:13:13',	'280х160см',	'Орион RAL 7002 Olive Grey',	'Крашеный МДФ',	'Сноу Уайт 38мм',	'Крашеный МДФ в цвет фасадов, 18мм',	'Петли Hettich, Подъемные и выдвижные механизмы Blum, выдвижные системы и корзины Sige'),
(32,	1,	353,	20,	0,	0,	'palermo',	0,	'palermo',	'<p>.</p>',	'Кухня «Палермо» из массива ясеня',	'palermo',	'palermo',	'palermo',	'palermo_1.jpg',	1024,	'2017-10-05 10:13:13',	'400х220х210см',	'Т518 цвет 110 (золотая патина)',	'Массив ясеня',	'n/a',	'ДСП 18мм, оклеенная шпоном ясеня, толщина шпона 0,6мм',	'Петли Hettich, Подъемные и выдвижные механизмы Blum, выдвижные системы и корзины Sige'),
(33,	1,	240,	18,	0,	0,	'paris',	0,	'paris',	'<p>.</p>',	'Крашеная кухня «Париж»',	'Данная модель привнесет в интерьер Вашего дома немного французской романтики. Плавные линии, ненавязчивые изгибы, а также декоративные элементы утонченного дизайна прекрасно сочетаются между собой, создавая неповторимый уют и эргономичный дизайн.',	'paris',	'paris',	'paris_1.jpg',	1024,	'2017-10-05 10:13:13',	'130х310см',	'Париж №4',	'Фасады из плиты МДФ, оклеенной грунтовочной пленкой, окрашенной в цвета шкалы RAL и покрытой лаком (только матовое исполнение)',	'Сноу Уайт,  38мм',	'ЛДСП Белый Премиум 18мм',	'Hettich, Blum, FGV'),
(34,	1,	323,	17,	0,	0,	'pasadena',	0,	'pasadena',	'<p>.</p>',	'Кухня из дерева «Пасадена»',	'pasadena',	'pasadena',	'pasadena',	'pasadena_1.jpg',	1024,	'2017-10-05 10:13:13',	'298х180х308см',	'Т507 цвет 127',	'Массив ясеня',	'Керамика Антрацит 38мм / Массив ясеня, воскобейц Орех 38мм',	'ДСП 18мм, оклеенная шпоном ясеня, толщина шпона 0,6мм',	'Петли Hettich, Подъемные и выдвижные механизмы Blum, выдвижные системы и корзины Sige'),
(35,	1,	293,	16,	0,	0,	'portofino',	0,	'portofino',	'<p>.</p>',	'Кухня «Портофино» из массива ясеня',	'portofino',	'portofino',	'portofino',	'portofino_1.jpg',	1024,	'2017-10-05 10:13:13',	'400х190х160х190см',	'Т519 цвет 101/124 (без патины)',	'Массив ясеня',	'Дуб Давос Трюфель 38мм',	'ДСП 18мм, оклеенная шпоном ясеня, толщина шпона 0,6мм',	'Петли Hettich, Подъемные и выдвижные механизмы Blum, выдвижные системы и корзины Sige'),
(36,	1,	294,	15,	0,	0,	'tirol',	0,	'tirol',	'<p>.</p>',	'Кухня из ясеня «Тироль»',	'tirol',	'tirol',	'tirol',	'tirol_1.jpg',	1024,	'2017-10-05 10:13:13',	'240х240х360см',	'Т501 цвет 124',	'Массив ясеня',	'Дуб Давос Трюфель 38мм',	'ДСП 18мм, оклеенная шпоном ясеня, толщина шпона 0,6мм',	'Петли Hettich, Подъемные и выдвижные механизмы Blum, выдвижные системы и корзины Sige'),
(37,	1,	100,	14,	0,	0,	'tivoli',	0,	'tivoli',	'<p>.</p>',	'Кухня «Тиволи» массив ясеня',	'tivoli',	'tivoli',	'tivoli',	'tivoli_1.jpg',	1024,	'2017-10-05 10:13:13',	'360х280х220см',	'Т533 цвет 101 (без патины)',	'Массив ясеня',	'Галициа 38мм',	'ДСП 18мм, оклеенная шпоном ясеня, толщина шпона 0,6мм',	'Петли Hettich, Подъемные и выдвижные механизмы Blum, выдвижные системы и корзины Sige'),
(38,	1,	303,	14,	0,	0,	'weiden',	0,	'weiden',	'<p>.</p>',	'Кухня «Вайден» из массива ясеня',	'weiden',	'weiden',	'weiden',	'weiden_1.jpg',	1024,	'2017-10-05 10:13:13',	'292х244х210см',	'Т516 цвет 101 (без патины)',	'Массив ясеня',	'Массив ясеня, парафиномасляная смесь Палисандр 38мм',	'ДСП 18мм, оклеенная шпоном ясеня, толщина шпона 0,6мм',	'Петли Hettich, Подъемные и выдвижные механизмы Blum, выдвижные системы и корзины Sige'),
(44,	1,	100,	15,	0,	0,	'acryl-kakao-vinyl',	0,	'kuhnia-zov-akril-kakao-vinil',	'<p>.</p>',	'Кухня «Винил» из акрила',	'acryl-kakao-vinyl',	'acryl-kakao-vinyl',	'acryl-kakao-vinyl',	'acryl-kakao-vinyl_01.jpg',	1024,	'2017-10-05 10:13:13',	'280х160см',	'Акрил Како, Акрил Винил',	'Акрил',	'Бежевый гранит 38мм',	'ЛДСП Негро 18мм',	'Hettich, Blum, FGV');

DROP TABLE IF EXISTS `kuhni_images`;
CREATE TABLE `kuhni_images` (
  `id` int(11) NOT NULL AUTO_INCREMENT,
  `kuhni_id` int(11) DEFAULT NULL,
  `title` varchar(255) COLLATE utf8_unicode_ci NOT NULL,
  `imageName` varchar(255) COLLATE utf8_unicode_ci NOT NULL,
  `imageSize` int(11) NOT NULL,
  `updated` datetime NOT NULL,
  PRIMARY KEY (`id`),
  KEY `IDX_B015D36D4B787CB8` (`kuhni_id`),
  CONSTRAINT `FK_B015D36D4B787CB8` FOREIGN KEY (`kuhni_id`) REFERENCES `kuhni` (`id`)
) ENGINE=InnoDB DEFAULT CHARSET=utf8 COLLATE=utf8_unicode_ci;

INSERT INTO `kuhni_images` (`id`, `kuhni_id`, `title`, `imageName`, `imageSize`, `updated`) VALUES
(1,	1,	'alberta_1',	'alberta_1.jpg',	110643,	'2017-11-11 20:51:21'),
(2,	1,	'alberta_2',	'alberta_2.jpg',	1024,	'2017-10-04 19:46:46'),
(3,	1,	'alberta_3',	'alberta_3.jpg',	1024,	'2017-10-04 19:46:46'),
(4,	1,	'alberta_4',	'alberta_4.jpg',	1024,	'2017-10-04 19:46:46'),
(5,	2,	'annetta_1',	'annetta_1.jpg',	1024,	'2017-10-04 19:46:46'),
(6,	2,	'annetta_2',	'annetta_2.jpg',	1024,	'2017-10-04 19:46:46'),
(7,	2,	'annetta_3',	'annetta_3.jpg',	1024,	'2017-10-04 19:46:46'),
(8,	2,	'annetta_4',	'annetta_4.jpg',	1024,	'2017-10-04 19:46:46'),
(9,	3,	'art_1',	'art_1.jpg',	1024,	'2017-10-04 19:46:46'),
(10,	3,	'art_2',	'art_2.jpg',	1024,	'2017-10-04 19:46:46'),
(11,	3,	'art_3',	'art_3.jpg',	1024,	'2017-10-04 19:46:46'),
(12,	3,	'art_4',	'art_4.jpg',	1024,	'2017-10-04 19:46:46'),
(13,	4,	'Коллекция «Артвуд» — Фабрика кухни ЗОВ',	'artwood_1.jpg',	1024,	'2017-10-04 19:46:46'),
(14,	4,	'Пеналы на кухне',	'artwood_2.jpg',	1024,	'2017-10-04 19:46:46'),
(15,	4,	'Интегрированная поверхность из массива ясеня',	'artwood_3.jpg',	1024,	'2017-10-04 19:46:46'),
(16,	4,	'Навесные элементы с декоративной сушкой',	'artwood_4.jpg',	1024,	'2017-10-04 19:46:46'),
(17,	5,	'belfast_1',	'belfast_1.jpg',	1024,	'2017-10-04 19:46:46'),
(18,	5,	'belfast_2',	'belfast_2.jpg',	1024,	'2017-10-04 19:46:46'),
(19,	5,	'belfast_3',	'belfast_3.jpg',	1024,	'2017-10-04 19:46:46'),
(20,	5,	'belfast_4',	'belfast_4.jpg',	1024,	'2017-10-04 19:46:46'),
(21,	6,	'bergen_1',	'bergen_1.jpg',	1024,	'2017-10-04 19:46:46'),
(22,	6,	'bergen_2',	'bergen_2.jpg',	1024,	'2017-10-04 19:46:46'),
(23,	6,	'bergen_3',	'bergen_3.jpg',	1024,	'2017-10-04 19:46:46'),
(24,	6,	'bergen_4',	'bergen_4.jpg',	1024,	'2017-10-04 19:46:46'),
(25,	7,	'born_1',	'born_1.jpg',	1024,	'2017-10-04 19:46:46'),
(26,	7,	'born_2',	'born_2.jpg',	1024,	'2017-10-04 19:46:46'),
(27,	7,	'born_3',	'born_3.jpg',	1024,	'2017-10-04 19:46:46'),
(28,	8,	'brig_1',	'brig_1.jpg',	1024,	'2017-10-04 19:46:46'),
(29,	8,	'brig_2',	'brig_2.jpg',	1024,	'2017-10-04 19:46:46'),
(30,	8,	'brig_3',	'brig_3.jpg',	1024,	'2017-10-04 19:46:46'),
(31,	8,	'brig_4',	'brig_4.jpg',	1024,	'2017-10-04 19:46:46'),
(32,	9,	'brunnen_1',	'brunnen_1.jpg',	1024,	'2017-10-04 19:46:46'),
(33,	9,	'brunnen_2',	'brunnen_2.jpg',	1024,	'2017-10-04 19:46:46'),
(34,	9,	'brunnen_3',	'brunnen_3.jpg',	1024,	'2017-10-04 19:46:46'),
(35,	9,	'brunnen_4',	'brunnen_4.jpg',	1024,	'2017-10-04 19:46:46'),
(36,	10,	'chicago_1',	'chicago_1.jpg',	1024,	'2017-10-04 19:46:46'),
(37,	10,	'chicago_2',	'chicago_2.jpg',	1024,	'2017-10-04 19:46:46'),
(38,	10,	'chicago_3',	'chicago_3.jpg',	1024,	'2017-10-04 19:46:46'),
(39,	10,	'chicago_4',	'chicago_4.jpg',	1024,	'2017-10-04 19:46:46'),
(45,	12,	'fortwood_v2_1',	'fortwood_v2_1.jpg',	1024,	'2017-10-04 19:46:46'),
(46,	12,	'fortwood_v2_2',	'fortwood_v2_2.jpg',	1024,	'2017-10-04 19:46:46'),
(47,	12,	'fortwood_v2_3',	'fortwood_v2_3.jpg',	1024,	'2017-10-04 19:46:46'),
(48,	13,	'glasgow_1',	'glasgow_1.jpg',	1024,	'2017-10-04 19:46:46'),
(49,	13,	'glasgow_2',	'glasgow_2.jpg',	1024,	'2017-10-04 19:46:46'),
(50,	13,	'glasgow_3',	'glasgow_3.jpg',	1024,	'2017-10-04 19:46:46'),
(51,	13,	'glasgow_4',	'glasgow_4.jpg',	1024,	'2017-10-04 19:46:46'),
(52,	14,	'hagen_1',	'hagen_1.jpg',	1024,	'2017-10-04 19:46:46'),
(53,	14,	'hagen_2',	'hagen_2.jpg',	1024,	'2017-10-04 19:46:46'),
(54,	14,	'hagen_3',	'hagen_3.jpg',	1024,	'2017-10-04 19:46:46'),
(55,	14,	'hagen_4',	'hagen_4.jpg',	1024,	'2017-10-04 19:46:46'),
(56,	15,	'integro_ashes_1',	'integro-ashes_1.jpg',	1024,	'2017-10-04 19:46:46'),
(57,	15,	'integro_ashes_2',	'integro-ashes_2.jpg',	1024,	'2017-10-04 19:46:46'),
(58,	15,	'integro_ashes_3',	'integro-ashes_3.jpg',	1024,	'2017-10-04 19:46:46'),
(59,	15,	'integro_ashes_4',	'integro-ashes_4.jpg',	1024,	'2017-10-04 19:46:46'),
(60,	16,	'integro_graphite_1',	'integro-graphite_1.jpg',	1024,	'2017-10-04 19:46:46'),
(61,	16,	'integro_graphite_2',	'integro-graphite_2.jpg',	1024,	'2017-10-04 19:46:46'),
(62,	16,	'integro_graphite_3',	'integro-graphite_3.jpg',	1024,	'2017-10-04 19:46:46'),
(63,	16,	'integro_graphite_4',	'integro-graphite_4.jpg',	1024,	'2017-10-04 19:46:46'),
(64,	17,	'leon_1',	'leon_1.jpg',	1024,	'2017-10-04 19:46:46'),
(65,	17,	'leon_2',	'leon_2.jpg',	1024,	'2017-10-04 19:46:46'),
(66,	17,	'leon_3',	'leon_3.jpg',	1024,	'2017-10-04 19:46:46'),
(67,	17,	'leon_4',	'leon_4.jpg',	1024,	'2017-10-04 19:46:46'),
(68,	18,	'linnea_1',	'linnea_1.jpg',	1024,	'2017-10-04 19:46:46'),
(69,	18,	'linnea_2',	'linnea_2.jpg',	1024,	'2017-10-04 19:46:46'),
(70,	18,	'linnea_3',	'linnea_3.jpg',	1024,	'2017-10-04 19:46:46'),
(71,	18,	'linnea_4',	'linnea_4.jpg',	1024,	'2017-10-04 19:46:46'),
(72,	19,	'loft_1',	'loft_1.jpg',	1024,	'2017-10-04 19:46:46'),
(73,	19,	'loft_2',	'loft_2.jpg',	1024,	'2017-10-04 19:46:46'),
(74,	19,	'loft_3',	'loft_3.jpg',	1024,	'2017-10-04 19:46:46'),
(75,	19,	'loft_4',	'loft_4.jpg',	1024,	'2017-10-04 19:46:46'),
(76,	20,	'london_1',	'london_1.jpg',	1024,	'2017-10-04 19:46:46'),
(77,	20,	'london_2',	'london_2.jpg',	1024,	'2017-10-04 19:46:46'),
(78,	20,	'london_3',	'london_3.jpg',	1024,	'2017-10-04 19:46:46'),
(79,	20,	'london_4',	'london_4.jpg',	1024,	'2017-10-04 19:46:46'),
(80,	21,	'longford_1',	'longford_1.jpg',	1024,	'2017-10-04 19:46:46'),
(81,	21,	'longford_2',	'longford_2.jpg',	1024,	'2017-10-04 19:46:46'),
(82,	21,	'longford_3',	'longford_3.jpg',	1024,	'2017-10-04 19:46:46'),
(83,	21,	'longford_4',	'longford_4.jpg',	1024,	'2017-10-04 19:46:46'),
(84,	22,	'lotte_1',	'lotte_1.jpg',	1024,	'2017-10-04 19:46:46'),
(85,	22,	'lotte_2',	'lotte_2.jpg',	1024,	'2017-10-04 19:46:46'),
(86,	22,	'lotte_3',	'lotte_3.jpg',	1024,	'2017-10-04 19:46:46'),
(87,	22,	'lotte_4',	'lotte_4.jpg',	1024,	'2017-10-04 19:46:46'),
(88,	23,	'lotte_v2_1',	'lotte_v2_1.jpg',	1024,	'2017-10-04 19:46:46'),
(89,	23,	'lotte_v2_2',	'lotte_v2_2.jpg',	1024,	'2017-10-04 19:46:46'),
(90,	23,	'lotte_v2_3',	'lotte_v2_3.jpg',	1024,	'2017-10-04 19:46:46'),
(91,	24,	'Коллекция «Лугано» — Фабрика кухни ЗОВ',	'lugano_1.jpg',	1024,	'2017-10-04 19:46:46'),
(92,	24,	'Декоративная боковая панель из массива ясеня',	'lugano_2.jpg',	1024,	'2017-10-04 19:46:46'),
(93,	24,	'Выдвижная система ArciTech (Антрацит)',	'lugano_3.jpg',	1024,	'2017-10-04 19:46:46'),
(94,	24,	'Буфет на кухне',	'lugano_4.jpg',	1024,	'2017-10-04 19:46:46'),
(95,	25,	'Коллекция «Мадейра» — Фабрика кухни ЗОВ',	'madeira_1.jpg',	1024,	'2017-10-04 19:46:46'),
(96,	25,	'Декоративные элементы навесных и напольных шкафов',	'madeira_2.jpg',	1024,	'2017-10-04 19:46:46'),
(97,	25,	'Декоративная опора острова',	'madeira_3.jpg',	1024,	'2017-10-04 19:46:46'),
(98,	25,	'Центральный остров',	'madeira_4.jpg',	1024,	'2017-10-04 19:46:46'),
(99,	26,	'marseille-4_1',	'marseille-4_1.jpg',	1024,	'2017-10-04 19:46:46'),
(100,	26,	'marseille-4_2',	'marseille-4_2.jpg',	1024,	'2017-10-04 19:46:46'),
(101,	26,	'marseille-4_3',	'marseille-4_3.jpg',	1024,	'2017-10-04 19:46:46'),
(102,	26,	'marseille-4_4',	'marseille-4_4.jpg',	1024,	'2017-10-04 19:46:46'),
(103,	27,	'nord_1',	'nord_1.jpg',	1024,	'2017-10-04 19:46:46'),
(104,	27,	'nord_2',	'nord_2.jpg',	1024,	'2017-10-04 19:46:46'),
(105,	27,	'nord_3',	'nord_3.jpg',	1024,	'2017-10-04 19:46:46'),
(106,	27,	'nord_4',	'nord_4.jpg',	1024,	'2017-10-04 19:46:46'),
(107,	28,	'norfolk_1',	'norfolk_1.jpg',	1024,	'2017-10-04 19:46:46'),
(108,	28,	'norfolk_2',	'norfolk_2.jpg',	1024,	'2017-10-04 19:46:46'),
(109,	28,	'norfolk_3',	'norfolk_3.jpg',	1024,	'2017-10-04 19:46:46'),
(110,	28,	'norfolk_4',	'norfolk_4.jpg',	1024,	'2017-10-04 19:46:46'),
(111,	29,	'oldfin_1',	'oldfin_1.jpg',	1024,	'2017-10-04 19:46:46'),
(112,	29,	'oldfin_2',	'oldfin_2.jpg',	1024,	'2017-10-04 19:46:46'),
(113,	29,	'oldfin_3',	'oldfin_3.jpg',	1024,	'2017-10-04 19:46:46'),
(114,	30,	'orion-mat-glossy_1',	'orion-mat-glossy_1.jpg',	1024,	'2017-10-04 19:46:46'),
(115,	30,	'orion-mat-glossy_2',	'orion-mat-glossy_2.jpg',	1024,	'2017-10-04 19:46:46'),
(116,	30,	'orion-mat-glossy_3',	'orion-mat-glossy_3.jpg',	1024,	'2017-10-04 19:46:46'),
(117,	30,	'orion-mat-glossy_4',	'orion-mat-glossy_4.jpg',	1024,	'2017-10-04 19:46:46'),
(118,	31,	'orion-olive-grey_1',	'orion-olive-grey_1.jpg',	1024,	'2017-10-04 19:46:46'),
(119,	31,	'orion-olive-grey_2',	'orion-olive-grey_2.jpg',	1024,	'2017-10-04 19:46:46'),
(120,	31,	'orion-olive-grey_3',	'orion-olive-grey_3.jpg',	1024,	'2017-10-04 19:46:46'),
(121,	31,	'orion-olive-grey_4',	'orion-olive-grey_4.jpg',	1024,	'2017-10-04 19:46:46'),
(122,	32,	'palermo_1',	'palermo_1.jpg',	1024,	'2017-10-04 19:46:46'),
(123,	32,	'palermo_2',	'palermo_2.jpg',	1024,	'2017-10-04 19:46:46'),
(124,	32,	'palermo_3',	'palermo_3.jpg',	1024,	'2017-10-04 19:46:46'),
(125,	33,	'paris_1',	'paris_1.jpg',	1024,	'2017-10-04 19:46:46'),
(126,	33,	'paris_2',	'paris_2.jpg',	1024,	'2017-10-04 19:46:46'),
(127,	33,	'paris_3',	'paris_3.jpg',	1024,	'2017-10-04 19:46:46'),
(128,	33,	'paris_4',	'paris_4.jpg',	1024,	'2017-10-04 19:46:46'),
(129,	34,	'pasadena_1',	'pasadena_1.jpg',	1024,	'2017-10-04 19:46:46'),
(130,	34,	'pasadena_2',	'pasadena_2.jpg',	1024,	'2017-10-04 19:46:46'),
(131,	34,	'pasadena_3',	'pasadena_3.jpg',	1024,	'2017-10-04 19:46:46'),
(132,	35,	'portofino_1',	'portofino_1.jpg',	1024,	'2017-10-04 19:46:46'),
(133,	35,	'portofino_2',	'portofino_2.jpg',	1024,	'2017-10-04 19:46:46'),
(134,	35,	'portofino_3',	'portofino_3.jpg',	1024,	'2017-10-04 19:46:46'),
(135,	36,	'tirol_1',	'tirol_1.jpg',	1024,	'2017-10-04 19:46:46'),
(136,	36,	'tirol_2',	'tirol_2.jpg',	1024,	'2017-10-04 19:46:46'),
(137,	36,	'tirol_3',	'tirol_3.jpg',	1024,	'2017-10-04 19:46:46'),
(138,	37,	'tivoli_1',	'tivoli_1.jpg',	1024,	'2017-10-04 19:46:46'),
(139,	37,	'tivoli_2',	'tivoli_2.jpg',	1024,	'2017-10-04 19:46:46'),
(140,	37,	'tivoli_3',	'tivoli_3.jpg',	1024,	'2017-10-04 19:46:46'),
(141,	38,	'weiden_1',	'weiden_1.jpg',	1024,	'2017-10-04 19:46:46'),
(142,	38,	'weiden_2',	'weiden_2.jpg',	1024,	'2017-10-04 19:46:46'),
(143,	38,	'weiden_3',	'weiden_3.jpg',	1024,	'2017-10-04 19:46:46'),
(144,	11,	'fortwood',	'fortwood_1.jpg',	1024,	'2017-11-15 00:00:00'),
(145,	11,	'fortwood',	'fortwood_2.jpg',	1024,	'2017-11-15 00:00:00'),
(146,	11,	'fortwood',	'fortwood_3.jpg',	1024,	'2017-11-15 00:00:00'),
(147,	11,	'fortwood',	'fortwood_4.jpg',	1024,	'2017-11-15 00:00:00'),
(148,	11,	'fortwood',	'fortwood_5.jpg',	1024,	'2017-11-15 00:00:00'),
(149,	44,	'Кухня ЗОВ из Акрила какао / винил',	'acryl-kakao-vinyl_01.jpg',	1024,	'2017-11-15 00:00:00'),
(150,	44,	'Кухня ЗОВ из Акрила какао / винил',	'acryl-kakao-vinyl_02.jpg',	1024,	'2017-11-15 00:00:00'),
(151,	44,	'Кухня ЗОВ из Акрила какао / винил',	'acryl-kakao-vinyl_03.jpg',	1024,	'2017-11-15 00:00:00');

DROP TABLE IF EXISTS `kuhni_keys`;
CREATE TABLE `kuhni_keys` (
  `id` int(11) NOT NULL AUTO_INCREMENT,
  `title` varchar(255) COLLATE utf8_unicode_ci NOT NULL,
  `slug` varchar(255) COLLATE utf8_unicode_ci NOT NULL,
  `keywords` varchar(255) COLLATE utf8_unicode_ci NOT NULL,
  `main_description` varchar(255) COLLATE utf8_unicode_ci NOT NULL,
  `imageName` varchar(255) COLLATE utf8_unicode_ci NOT NULL,
  `imageSize` int(11) NOT NULL,
  `updated` datetime NOT NULL,
  `article` varchar(3000) COLLATE utf8_unicode_ci NOT NULL,
  `caption` varchar(255) COLLATE utf8_unicode_ci NOT NULL,
  PRIMARY KEY (`id`)
) ENGINE=InnoDB DEFAULT CHARSET=utf8 COLLATE=utf8_unicode_ci;

INSERT INTO `kuhni_keys` (`id`, `title`, `slug`, `keywords`, `main_description`, `imageName`, `imageSize`, `updated`, `article`, `caption`) VALUES
(1,	'Белые',	'white',	'Белые',	'White',	'white.jpg',	1020,	'2018-01-23 12:51:46',	'<p></p>',	'Белые'),
(2,	'Черные',	'black',	'Черные',	'Black',	'black.jpg',	1020,	'2018-01-23 12:51:46',	'<p></p>',	'Черные'),
(3,	'Серые',	'gray',	'Серые',	'Gray',	'gray.jpg',	1020,	'2018-01-23 12:51:46',	'<p></p>',	'Серые'),
(4,	'Зеленые',	'green',	'Зеленые',	'Green',	'green.jpg',	1020,	'2018-01-23 12:51:46',	'<p></p>',	'Зеленые'),
(5,	'Бежевые',	'beige',	'Бежевые',	'Beige',	'beige.jpg',	1020,	'2018-01-23 12:51:46',	'<p></p>',	'Бежевые'),
(6,	'Красные',	'reds',	'Красные',	'Reds',	'red.jpg',	1020,	'2018-01-23 12:51:46',	'<p></p>',	'Красные'),
(7,	'Коричневые',	'brown',	'Коричневые',	'Brown',	'brown.jpg',	1020,	'2018-01-23 12:51:46',	'<p></p>',	'Коричневые'),
(8,	'Желтые',	'yellow',	'Желтые',	'Yellow',	'yellow.jpg',	1020,	'2018-01-23 12:51:46',	'<p></p>',	'Желтые'),
(9,	'Оранжевые',	'orange',	'Оранжевые',	'Orange',	'orange.jpg',	1020,	'2018-01-23 12:51:46',	'<p></p>',	'Оранжевые'),
(10,	'Синие',	'blue',	'Синие',	'Blue',	'blue.jpg',	1020,	'2018-01-23 12:51:46',	'<p></p>',	'Синие'),
(11,	'Голубые',	'blue',	'Голубые',	'Blue',	'blue2.jpg',	1020,	'2018-01-23 12:51:46',	'<p></p>',	'Голубые'),
(12,	'Фиолетовые',	'purple',	'Фиолетовые',	'Purple',	'purple.jpg',	1020,	'2018-01-23 12:51:46',	'<p></p>',	'Фиолетовые'),
(13,	'Прямые кухни',	'line',	'Прямые кухни',	'Прямые кухни',	'kitchentype_line.svg',	1024,	'2017-10-04 14:43:15',	'<p></p>',	'Прямые кухни'),
(14,	'Угловые кухни',	'degree',	'Угловые кухни',	'Угловые кухни',	'kitchentype_degree.svg',	1024,	'2017-10-04 14:43:15',	'<p></p>',	'Угловые кухни'),
(15,	'П образные кухни',	'pobraznye',	'П образные кухни',	'П образные кухни',	'kitchentype_pobraznye.svg',	1024,	'2017-10-04 14:43:15',	'<p></p>',	'П образные кухни'),
(16,	'Кухни с островом',	'sostrovom',	'Кухни с островом',	'Кухни с островом',	'kitchentype_sostrovom.svg',	1024,	'2017-10-04 14:43:15',	'<p></p>',	'Кухни с островом'),
(17,	'Малогабаритные кухни',	'small',	'Малогабаритные кухни',	'Малогабаритные кухни',	'kitchentype_small.svg',	1024,	'2017-10-04 14:43:15',	'<p></p>',	'Малогабаритные кухни'),
(18,	'Кухня гостиная',	'gostinaya',	'Кухня гостиная',	'Кухня гостиная',	'kitchentype_gostinaya.svg',	1024,	'2017-10-04 14:43:15',	'<p></p>',	'Кухня гостиная'),
(19,	'Кухня столовая',	'stolovaya',	'Кухня столовая',	'Кухня столовая',	'kitchentype_stolovaya.svg',	1024,	'2017-10-04 14:43:15',	'<p></p>',	'Кухня столовая'),
(20,	'Кухни из массива (дуб)',	'massiv-dub',	'Кухни из массива (дуб)',	'Кухни из массива (дуб)',	'kitchenmat-massiv.jpg',	1024,	'2017-10-04 14:43:15',	'<p></p>',	'Кухни из массива (дуб)'),
(21,	'Кухни из массива (ясень)',	'massiv-yasen',	'Кухни из массива (ясень)',	'Кухни из массива (ясень)',	'kitchenmat-massiv.jpg',	1024,	'2017-10-04 14:43:15',	'<p></p>',	'Кухни из массива (ясень)'),
(22,	'Кухни из массива (ольха)',	'massiv-olha',	'Кухни из массива (ольха)',	'Кухни из массива (ольха)',	'kitchenmat-massiv.jpg',	1024,	'2017-10-04 14:43:15',	'<p></p>',	'Кухни из массива (ольха)'),
(23,	'Кухни из МДФ рамочный',	'mdf',	'Кухни из МДФ рамочный',	'Кухни из МДФ',	'kitchenmat-mdf.jpg',	1024,	'2017-10-04 14:43:15',	'<p></p>',	'Кухни из МДФ рамочный'),
(24,	'Кухни из МДФ-ПВХ',	'mdf',	'Кухни из МДФ-ПВХ',	'Кухни из МДФ',	'kitchenmat-mdf.jpg',	1024,	'2017-10-04 14:43:15',	'<p></p>',	'Кухни из МДФ-ПВХ'),
(25,	'Кухни из МДФ-ПВХ крашеный',	'mdf',	'Кухни из МДФ-ПВХ крашеный',	'Кухни из МДФ',	'kitchenmat-mdf.jpg',	1024,	'2017-10-04 14:43:15',	'<p></p>',	'Кухни из МДФ-ПВХ крашеный'),
(26,	'Кухни из МДФ крашеный (эмаль)',	'mdf',	'Кухни из МДФ крашеный (эмаль)',	'Кухни из МДФ',	'kitchenmat-mdf.jpg',	1024,	'2017-10-04 14:43:15',	'<p></p>',	'Кухни из МДФ крашеный (эмаль)'),
(27,	'Кухни из МДФ лакированный',	'mdf',	'Кухни из МДФ лакированный',	'Кухни из МДФ',	'kitchenmat-mdf.jpg',	1024,	'2017-10-04 14:43:15',	'<p></p>',	'Кухни из МДФ лакированный'),
(28,	'Кухни из пластика',	'plastic',	'Кухни из пластика',	'Кухни из пластика',	'kitchenmat-plastic.jpg',	1024,	'2017-10-04 14:43:15',	'<p></p>',	'Кухни из пластика'),
(29,	'Кухни из стекла',	'glass',	'Кухни из стекла',	'Кухни из стекла',	'kitchenmat-glass.jpg',	1024,	'2017-10-04 14:43:15',	'<p></p>',	'Кухни из стекла'),
(30,	'Акриловые кухни',	'acryl',	'Акриловые кухни',	'Акриловые кухни',	'kitchenmat-acryl.jpg',	1024,	'2017-10-04 14:43:15',	'<p></p>',	'Акриловые кухни'),
(31,	'Кухни из шпона',	'shpon',	'Кухни из шпона',	'Кухни из шпона',	'kitchenmat-shpon.jpg',	1024,	'2017-10-04 14:43:15',	'<p></p>',	'Кухни из шпона'),
(32,	'Кухни из ДСП',	'dsp',	'Кухни из ДСП',	'Кухни из ДСП',	'kitchenmat-dsp.jpg',	1024,	'2017-10-04 14:43:15',	'<p></p>',	'Кухни из ДСП'),
(33,	'Современные кухни',	'sovremennye',	'Современные кухни',	'Современные кухни',	'kitchenstyle-sovremennye.jpg',	1024,	'2017-10-03 10:01:47',	'<p></p>',	'Современные кухни'),
(34,	'Кухни Прованс',	'provans',	'Кухни Прованс',	'Кухни Прованс',	'kitchenstyle-provans.jpg',	1024,	'2017-10-03 10:01:47',	'<p></p>',	'Кухни Прованс'),
(35,	'Классические кухни',	'klassicheskie',	'Классические кухни',	'Классические кухни',	'kitchenstyle-klassicheskie.jpg',	1024,	'2017-10-03 10:01:47',	'<p></p>',	'Классические кухни'),
(36,	'Кухни Лофт',	'loft',	'Кухни Лофт',	'Кухни Лофт',	'kitchenstyle-loft.jpg',	1024,	'2017-10-03 10:01:47',	'<p></p>',	'Кухни Лофт'),
(37,	'Кухни Кантри',	'kantri',	'Кухни Кантри',	'Кухни Кантри',	'kitchenstyle-kantri.jpg',	1024,	'2017-10-03 10:01:47',	'<p></p>',	'Кухни Кантри'),
(38,	'Кухни Хай Тек',	'haitek',	'Кухни Хай Тек',	'Кухни Хай Тек',	'kitchenstyle-haitek.jpg',	1024,	'2017-10-03 10:01:47',	'<p></p>',	'Кухни Хай Тек'),
(39,	'Кухни в Скандинавском стиле',	'skandinavskie',	'Кухни в Скандинавском стиле',	'Кухни в Скандинавском стиле',	'kitchenstyle-skandinavskiy.jpg',	1024,	'2017-10-03 10:01:47',	'<p></p>',	'Кухни в Скандинавском стиле'),
(40,	'Ретро кухни',	'retro',	'Ретро кухни',	'Ретро кухни',	'kitchenstyle-retro.jpg',	1024,	'2017-10-03 10:01:47',	'<p></p>',	'Ретро кухни'),
(41,	'Кухни Минимализм',	'minimalizm',	'Кухни Минимализм',	'Кухни Минимализм',	'kitchenstyle-minimalizm.jpg',	1024,	'2017-10-03 10:01:47',	'<p></p>',	'Кухни Минимализм'),
(42,	'Кухни Модерн',	'modern',	'Кухни Модерн',	'Кухни Модерн',	'kitchenstyle-modern.jpg',	1024,	'2017-10-03 10:01:47',	'<p></p>',	'Кухни Модерн'),
(43,	'Все кухни',	'kuhni-zov',	'Все кухни',	'Все кухни',	'kuhni-zov.jpg',	0,	'2017-10-03 10:01:47',	'<p>Все кухни фабрики ЗОВ</p>',	'Все кухни');

DROP TABLE IF EXISTS `project`;
CREATE TABLE `project` (
  `id` int(11) NOT NULL AUTO_INCREMENT,
  `id_catalog` int(11) DEFAULT NULL,
  `price` double NOT NULL,
  `likes` int(11) NOT NULL,
  `count_projects` int(11) NOT NULL,
  `discount` double NOT NULL,
  `name` varchar(255) COLLATE utf8_unicode_ci NOT NULL,
  `fixedPrice` tinyint(1) NOT NULL,
  `slug` varchar(50) COLLATE utf8_unicode_ci NOT NULL,
  `article` varchar(3000) COLLATE utf8_unicode_ci NOT NULL,
  `title` varchar(255) COLLATE utf8_unicode_ci NOT NULL,
  `description` varchar(1000) COLLATE utf8_unicode_ci NOT NULL,
  `keywords` varchar(255) COLLATE utf8_unicode_ci NOT NULL,
  `main_description` varchar(255) COLLATE utf8_unicode_ci NOT NULL,
  `imageName` varchar(255) COLLATE utf8_unicode_ci NOT NULL,
  `imageSize` int(11) NOT NULL,
  `updated` datetime NOT NULL,
  `razmer` varchar(255) COLLATE utf8_unicode_ci NOT NULL,
  `nameFasad` varchar(255) COLLATE utf8_unicode_ci NOT NULL,
  `matFasad` varchar(255) COLLATE utf8_unicode_ci NOT NULL,
  `stoleshnica` varchar(255) COLLATE utf8_unicode_ci NOT NULL,
  `korpus` varchar(255) COLLATE utf8_unicode_ci NOT NULL,
  `furnitura` varchar(255) COLLATE utf8_unicode_ci NOT NULL,
  `id_salon` int(11) DEFAULT NULL,
  PRIMARY KEY (`id`),
  UNIQUE KEY `UNIQ_2FB3D0EE5E237E06` (`name`),
  UNIQUE KEY `UNIQ_2FB3D0EE2B36786B` (`title`),
  KEY `IDX_2FB3D0EEC5B19B37` (`id_catalog`),
  KEY `IDX_2FB3D0EE1CEDB527` (`id_salon`),
  CONSTRAINT `FK_2FB3D0EE1CEDB527` FOREIGN KEY (`id_salon`) REFERENCES `salon` (`id`),
  CONSTRAINT `FK_2FB3D0EEC5B19B37` FOREIGN KEY (`id_catalog`) REFERENCES `catalog` (`id`)
) ENGINE=InnoDB DEFAULT CHARSET=utf8 COLLATE=utf8_unicode_ci;

INSERT INTO `project` (`id`, `id_catalog`, `price`, `likes`, `count_projects`, `discount`, `name`, `fixedPrice`, `slug`, `article`, `title`, `description`, `keywords`, `main_description`, `imageName`, `imageSize`, `updated`, `razmer`, `nameFasad`, `matFasad`, `stoleshnica`, `korpus`, `furnitura`, `id_salon`) VALUES
(1,	1,	244,	58,	1,	0,	'alberta',	0,	'kuhnia-zov-alberta',	'<p>.</p>',	'Кухня из акрила «Альберта»',	'Особенностью данной модели является сочетание ненавязчивой благородности шпонированных и экспрессивности высокоглянцевых акриловых поверхностей. Высокая функциональность кухни обеспечивается наличием большого количества открытых и закрытых мест для хранения. Интегрированные в фасады ручки-профили привносят в интерьер целостность и гармоничность. Простой дизайн и нейтральные оттенки создают воздушн',	'alberta',	'alberta',	'alberta_1.jpg',	1024,	'2017-10-05 10:13:13',	'275х180х281см',	'Акрил Тальк / T219B (ДСП, оклеенная шпоном ясеня)',	'Акрил / ДСП, оклеенная шпоном ясеня',	'Кварцевый агломерат Бьянко, 20мм',	'n/a',	'Петли Hettich, Подъемные и выдвижные механизмы Blum, выдвижные системы и корзины Sige',	11),
(2,	1,	255,	53,	1,	0,	'annetta',	0,	'annetta',	'<p>.</p>',	'Кухня из массива «Аннетта»',	'Теплое дерево на контрасте с глянцевыми фасадами придает структурность интерьеру. Увеличенные по высоте навесные элементы предоставляют дополнительное полезное пространство, которое особенно необходимо в помещении с нестандартной планировкой.',	'annetta',	'annetta',	'annetta_1.jpg',	1024,	'2017-10-05 10:13:13',	'60x360x250см',	'ПОСТ5 снежный / T520-120',	'Пластик (ДСП) / Массив Ясеня',	'Пластик Мрамор 38мм',	'ЛДСП Пепел 18мм',	'Петли Hettich, Подъемные и выдвижные механизмы Blum, выдвижные системы и корзины Sige',	11),
(3,	1,	285,	50,	1,	0,	'art',	0,	'art',	'<p>.</p>',	'Кухня эмаль МДФ «АРТ»',	'Модные оттенки крашеных фасадов придают невероятную теплоту помещению. Эргономично расположенные боковые полки, интегрированные в пенал, являются эффектным акцентом, что превращает обыкновенную кухню в нечто особенное.',	'art',	'art',	'art_1.jpg',	1024,	'2017-10-05 10:13:13',	'180x332x210см',	'RAL 7031 Blue Grey Глянец / ZOV 240 Глянец / ZOV 246 Матовый (структурный)',	'Эмаль, МДФ',	'Туя 38мм',	'ЛДСП Пепел / Графит / Сантана 18мм',	'Hettich, Blum, FGV',	11),
(4,	1,	308,	50,	1,	0,	'artwood',	0,	'kuhnia-zov-artvud',	'<p>&nbsp;</p>\r\n<p><strong>Д</strong>ерево предоставляет поистине безграничные возможности для воплощения любых дизайнерских решений и в полной мере раскрывает всё изящество классической кухни. Новая коллекция &laquo;Артвуд&raquo; является олицетворением ненавязчивого шика и утонченной изысканности. Центром внимания является остров с множеством декоративных элементов, а также интегрированная в столешницу деревянная поверхность, привносящая дополнительный уют в помещение. Натуральное дерево прекрасно подчеркивает индивидуальность в создании неповторимого интерьера.</p>',	'Кухня из массива «Артвуд»',	'ФАСАДЫ Т515К Массив ясеня ЦВЕТ ФАСАДОВ 110 ВИТРИНЫ #2, стекло прозрачное РУЧКИ Giusti 73-R8 (96мм), 88-R8 СТОЛЕШНИЦА З8мм, пластик, цвет Накарадо / бОмм, массив ясеня, парафиномасляная смесь Палисандр НАКЛАДКА НА СТОЛЕШНИЦУ Массив ясеня, 22мм ДЕКОРАТИВНЫЕ ЭЛЕМЕНТЬI Массив ясеня',	'кухни зов, зов москва, кухня зов артвуд',	'Купить кухню из массива ясеня Артвуд от Белорусской фабрики ЗОВ вы можете купить по индивидуальному заказу в наших фирменных салонах в Москве',	'artwood_1.jpg',	1024,	'2017-10-05 10:13:13',	'365х440х240см',	'Т515К цвет 110',	'Массив ясеня',	'Пластик Накарадо с накладкой из массива ясеня 38мм, массив ясеня 60мм',	'Натуральный шпон Ясеня 18мм',	'Петли Hettich, Подъемные и выдвижные механизмы Blum, выдвижные системы и корзины Sige',	11),
(5,	1,	310,	48,	1,	0,	'belfast',	0,	'belfast',	'<p>.</p>',	'Крашеная кухня «Белфаст»',	'Особенностью данной модели являются фасады с покрытием, имитирующим текстуру бетона. Нарочито грубая бетонная поверхность в сочетании с теплым деревом создают напряженный контраст, который прекрасно раскрывается в просторном светлом интерьере.',	'belfast',	'belfast',	'belfast_1.jpg',	1024,	'2017-10-05 10:13:13',	'360х367х190см',	'Крашеный МДФ',	'МДФ, эмаль',	'Кварцевый агломерат, цвет Гэлэкси 20мм',	'Крашеный МДФ в цвет фасадов',	'Hettich, Blum, FGV, VOLPATO',	11),
(6,	1,	241,	47,	1,	0,	'bergen',	0,	'bergen',	'<p>.</p>',	'Кухня лакированная «Берген»',	'Практичный дизайн, полное отсутствие декоративных элементов, лаконизм форм - то, что необходимо жителю мегаполиса с активным образом жизни. Использование данной модели в интерьере поможет функционально увеличить пространство.',	'bergen',	'bergen',	'bergen_1.jpg',	1024,	'2017-10-05 10:13:13',	'319см',	'ПОСТ-АВ Вельвет / ПОСТ-АВ Лен',	'Декоративные панели на основе плиты МДФ',	'Галициа 38мм',	'ЛДСП Графит 18мм',	'Петли Hettich, подъемные и выдвижные механизмы Blum, выдвижные системы и корзины Sige',	11),
(7,	1,	295,	45,	1,	0,	'born',	0,	'born',	'<p>.</p>',	'Кухня из массива ясеня «Борн»',	'born',	'born',	'born',	'born_1.jpg',	1024,	'2017-10-05 10:13:13',	'345х350х213см',	'Т527 / 114 / 121 без патины',	'массив ясеня',	'Хромикс серебро 38мм с накладкой массив ясеня 22мм',	'ДСП 18мм, оклеенная шпоном ясеня ( толщина шпона 0,6мм) парафиномасляная смесь Палисандр',	'Петли Hettich, Подъемные и выдвижные механизмы Blum, выдвижные системы и корзины Sige',	11),
(8,	1,	241,	46,	1,	0,	'brig',	0,	'brig',	'<p>.</p>',	'Кухня лакированная «Бриг»',	'Высококачественные лаковые покрытия,оригинальный декор и высокая устойчивость к внешним воздействиям - это те преимущества, которые Вы получаете, выбирая кухню с фасадами из декоративных панелей на основе МДФ. Понятные геометрические формы и множество полезного пространства - несомненный тренд в мебельной индустрии уже долгое время.',	'brig',	'brig',	'brig_1.jpg',	1024,	'2017-10-05 10:13:13',	'180х180х120х180см',	'ПОСТ АВ Георгин / ПОСТ АВ Шалфей',	'Декоративные панели на основе плиты МДФ',	'Туя 38мм',	'ЛДСП Белый Премиум 18мм',	'Петли Hettich, Подъемные и выдвижные механизмы Blum, выдвижные системы и корзины Sige',	11),
(9,	1,	230,	45,	1,	0,	'brunnen',	0,	'brunnen',	'<p>.</p>',	'Акриловая кухня «Бруннен»',	'Данная модель в светлых тонах способна освежить любое помещение. Высокоглянцевые фасады, столешница и стеновая панель, стилизованная под мрамор, понятные геометрические формы как нельзя лучше подчеркнут выразительность интерьера. Нельзя не оценить также функциональность и вместительность кухни. Наличие достаточного места для хранения порадует любую хозяйку.',	'brunnen',	'brunnen',	'brunnen_1.jpg',	1024,	'2017-10-05 10:13:13',	'424х212см',	'Акрил Сахар / Акрил Светло-серый',	'Акрил',	'Мрамор 38мм',	'ЛДСП Белый Премиум 18мм',	'Петли Hettich, Подъемные и выдвижные механизмы Blum, выдвижные системы и корзины Sige',	11),
(10,	1,	239,	45,	1,	0,	'chicago',	0,	'chicago',	'<p>.</p>',	'Кухня из пластика «Чикаго»',	'Контрастная цветовая комбинация, четкая геометрия навесных и напольных элементов, а также урбанистический минимализм предоставляют прекрасную возможность для самовыражения. Множество открытых мест для хранения. удлиненная столешница, а также встроенные в нишу вместительные пеналы делают модель максимально функциональной и по-современному уютной.',	'chicago',	'chicago',	'chicago_1.jpg',	1024,	'2017-10-05 10:13:13',	'240х270х300см',	'ПОСТ 5 Нуга / ПОСТ 5 Шторм',	'Пластик (ДСП)',	'Галициа 38мм',	'ЛДСП Золото / Графит 18мм',	'Петли Hettich, Подъемные и выдвижные механизмы Blum, выдвижные системы и корзины Sige',	11),
(11,	1,	320,	42,	1,	0,	'fortwood',	0,	'kuhnia-zov-fortvud',	'<p>.</p>',	'Кухня «Фортвуд» из массива ясеня',	'ФАСАДЫ Т509 Массив ясеня ЦВЕТ ФАСАДОВ 120 ВИТРИНЫ Стекло песок #1 ВЫТЯЖКА Массив ясеня',	'кухни зов, зов москва, кухня зов фортвуд',	'fortwood',	'fortwood_1.jpg',	1024,	'2017-10-05 10:13:13',	'240 х 380 х 240см',	'T509 цвет 120',	'Массив ясеня',	'Пластик белый иней 38мм',	'Натуральный шпон ясеня в цвет фасадов 18мм',	'Петли Hettich, Подъемные и выдвижные механизмы Blum, выдвижные системы и корзины Sige',	11),
(12,	1,	320,	40,	1,	0,	'fortwood_v2',	0,	'fortwood_v2',	'<p>.</p>',	'Кухня из массива ясеня «Фортвуд»',	'Суровый скандинавский характер прослеживается во всех элементах данной модели и является на сегодняшний день одним из доминирующих трендов в мебельной моде. Особенностями данной кухни являются прямые линии, сдержанные в своем дизайне декоративные элементы, а также столешница, совмещенная с барной стойкой и выполненная из натурального дерева.',	'fortwood_v2',	'fortwood_v2',	'fortwood_v2_1.jpg',	1024,	'2017-10-05 10:13:13',	'320х280х240х300см',	'Т509 цвет 120',	'Массив ясеня',	'Массив ясеня, парафиномасляная смесь Палисандр, 38мм',	'ДСП 18мм, оклеенная шпоном ясеня в цвет фасадов',	'Петли Hettich, Подъемные и выдвижные механизмы Blum, выдвижные системы и корзины Sige',	11),
(13,	1,	240,	39,	1,	0,	'glasgow',	0,	'glasgow',	'<p>.</p>',	'Кухня крашеная «Глазго»',	'Элегантная кухня в стиле Прованс не оставит равнодушным даже самого притязательного клиента. Патинированные фасады с утонченными декоративными элементами имитируют текстуру натуральной древесины, что придает интерьеру невероятную торжественность.',	'glasgow',	'glasgow',	'glasgow_1.jpg',	1024,	'2017-10-05 10:13:13',	'220х310см',	'ГЛАЗГО',	'МДФ, ПВХ, эмаль',	'Накарадо 38мм',	'ЛДСП Белый Премиум 18мм',	'Петли Hettich, Подъемные и выдвижные механизмы Blum, выдвижные системы и корзины Sige',	11);

DROP TABLE IF EXISTS `project_images`;
CREATE TABLE `project_images` (
  `id` int(11) NOT NULL AUTO_INCREMENT,
  `project_id` int(11) DEFAULT NULL,
  `title` varchar(255) COLLATE utf8_unicode_ci NOT NULL,
  `imageName` varchar(255) COLLATE utf8_unicode_ci NOT NULL,
  `imageSize` int(11) NOT NULL,
  `updated` datetime NOT NULL,
  PRIMARY KEY (`id`),
  KEY `IDX_F7BB5520166D1F9C` (`project_id`),
  CONSTRAINT `FK_F7BB5520166D1F9C` FOREIGN KEY (`project_id`) REFERENCES `project` (`id`)
) ENGINE=InnoDB DEFAULT CHARSET=utf8 COLLATE=utf8_unicode_ci;

INSERT INTO `project_images` (`id`, `project_id`, `title`, `imageName`, `imageSize`, `updated`) VALUES
(1,	1,	'alberta_1',	'alberta_1.jpg',	110643,	'2017-11-11 20:51:21'),
(2,	1,	'alberta_2',	'alberta_2.jpg',	1024,	'2017-10-04 19:46:46'),
(3,	1,	'alberta_3',	'alberta_3.jpg',	1024,	'2017-10-04 19:46:46'),
(4,	1,	'alberta_4',	'alberta_4.jpg',	1024,	'2017-10-04 19:46:46');

DROP TABLE IF EXISTS `reviews`;
CREATE TABLE `reviews` (
  `id` int(11) NOT NULL AUTO_INCREMENT,
  `id_salon` int(11) DEFAULT NULL,
  `name` varchar(255) COLLATE utf8_unicode_ci NOT NULL,
  `email` varchar(255) COLLATE utf8_unicode_ci NOT NULL,
  `phone` varchar(255) COLLATE utf8_unicode_ci NOT NULL,
  `geoIP` varchar(255) COLLATE utf8_unicode_ci NOT NULL,
  `created` datetime NOT NULL,
  `url` varchar(255) COLLATE utf8_unicode_ci NOT NULL,
  `message` varchar(1000) COLLATE utf8_unicode_ci NOT NULL,
  `star` int(11) NOT NULL,
  `approved` tinyint(1) NOT NULL,
  PRIMARY KEY (`id`),
  KEY `IDX_6970EB0F1CEDB527` (`id_salon`),
  CONSTRAINT `FK_6970EB0F1CEDB527` FOREIGN KEY (`id_salon`) REFERENCES `salon` (`id`)
) ENGINE=InnoDB DEFAULT CHARSET=utf8 COLLATE=utf8_unicode_ci;

INSERT INTO `reviews` (`id`, `id_salon`, `name`, `email`, `phone`, `geoIP`, `created`, `url`, `message`, `star`, `approved`) VALUES
(1,	11,	'Лариса',	'zovbelarus.ru@gmail.com',	'+7 111 111 111 1',	'Не найден',	'2017-06-05 15:21:00',	'http://kitchens/web/app_dev.php/',	'Спасибо за хорошую кухню. Очень довольна. Помогли с с дизайном. Дизайнер Евгения.Большое спасибо. Доставка во время, как договаривались. Сборка супер. Ребята молодцы. Все качественно и профессионально. Рекомендую. Лариса. Химки.',	5,	1),
(2,	4,	'Полина',	'zovbelarus.ru@gmail.com',	'+7 111 111 111 1',	'Не найден',	'2017-06-15 10:23:00',	'http://kitchens/web/app_dev.php/',	'Делали заказ на кухню 18.04.17. Основной критерий выбора был беспроцентная рассрочка. Дали рассрочку на год, без лишних проблем, согласовали в течении 20 минут. Отличный сервис, бесплатный вкусный кофе в салоне) я довольна! еще и бонус варка в подарок) Спасибо Жене за терпение))',	5,	1),
(3,	4,	'Нина',	'zovbelarus.ru@gmail.com',	'+7 111 111 111 1',	'Не найден',	'2017-08-16 14:58:00',	'http://kitchens/web/app_dev.php/',	'Заказали большую кухню из массива в загородный дом. Срок был ограничен до месяца. Молодцы-успели в срок! Шикарно смотрится, качество не хуже Италии. Дизайнеры умнички) Спасибо, ребята!',	5,	1),
(4,	4,	'Хасан Русланович',	'zovbelarus.ru@gmail.com',	'+7 111 111 111 1',	'Не найден',	'2017-09-11 07:34:00',	'http://kitchens/web/app_dev.php/',	'Работаю рядом с магазином Кухни ЗОВ, давно смотрел на этот магазин и когда ремонт подходил к завершению решил просчитать кухню. Очень приемлимые цены и внимательные продавцы. Остановились на массиве дуба. Заказ приехал раньше срока, ремонт был не готов. Попросил подержать на складе фирмы директора магазина, пошли на встречу. После установки кухни все убрали за собой, сборщики отличные. Столешницу из камня изготовили за неделю. Радуемся с женой и рекомендуем остальным, молодцы, спасибо!',	5,	1),
(5,	4,	'Арина',	'zovbelarus.ru@gmail.com',	'+7 111 111 111 1',	'Не удалось определить координаты посетителя',	'2017-09-25 19:02:03',	'http://kitchens/web/app_dev.php/',	'Молодцы. Адекватные цены, отличное качество, хороший сервис.',	5,	0),
(6,	4,	'Олег Александрович',	'zovbelarus.ru@gmail.com',	'+7 111 111 111 1',	'',	'2017-06-03 22:56:00',	'',	'Заказал кухню из массива. Пришла на удивление раньше на 2 недели. Ремонт не был готов, попросил похранить на складе-пошли на встречу. После сборки я остался сново приятно удивлен. Ребята собрали все быстро и очень профессионально. Особая благодарность дизайнеру Евгении и Тимуру сборщику. Сработали на пятерку',	5,	0),
(7,	4,	'Марина',	'zovbelarus.ru@gmail.com',	'+7 111 111 111 1',	'',	'2017-06-13 21:35:00',	'',	'Долго выбирали компанию. Остановились на «Кухни Большого Города», потому, что были хорошие условия по услугам — доставка и сборка в подарок соответствие цены и качество товара.\r\nПриятным бонусом оказалась ВЫТЯЖКА.\r\nМенеджеры в салоне знают свою работу на все 100%. Помогают сделать правильный выбор .\r\nМебель привезли в срок по договору(10.06.2017). Собрали за 1 день.\r\nСборщики профессионалы Очень была удивлена такой четкости,у других продавцов такое редко встретишь.\r\nПланирую заказать еще шкафы-купе у ребят.\r\nЗаказ БГЛ7',	5,	0),
(8,	4,	'Ольга',	'zovbelarus.ru@gmail.com',	'+7 111 111 111 1',	'',	'2017-01-28 11:09:00',	'',	'Мастера-профессионалы! Спасибо большое!!! Рекомендую. Федорова Ольга. г. Москва, ул. Днепропетровская 16',	5,	0),
(9,	4,	'Денис',	'zovbelarus.ru@gmail.com',	'+7 111 111 111 1',	'',	'2017-01-12 19:40:00',	'',	'Все сделано отлично! Молодцы! 5. Денис. ул. Потаповская Роща 7/2',	5,	0),
(10,	4,	'Илия',	'zovbelarus.ru@gmail.com',	'+7 111 111 111 1',	'',	'2016-12-24 13:21:00',	'',	'Все обязательства по договору выполнены, притензий нет. Спасибо Алексею, с Наступающим вас! Илия г. Москва, Потаповская Роща, д.26 корп.1',	5,	0),
(11,	4,	'Ольга',	'zovbelarus.ru@gmail.com',	'+7 111 111 111 1',	'',	'2016-12-10 14:33:00',	'',	'Спасибо за хорошую и квалифицированную работу, так держать! Ольга г.Чехов, ул. Садовники 42',	5,	0),
(12,	4,	'Марина',	'zovbelarus.ru@gmail.com',	'+7 111 111 111 1',	'',	'2016-11-09 10:47:00',	'',	'Низкий поклон до земли за отношение к работе и клиентоориентированность. Если бы все мастера были такие как Алексей, мы жили бы в раю! Прошу премировать!\r\n Марина г.Видное, Бульвар Зеленые Аллеи, ЖК Зеленые Аллеи, д.2',	5,	0),
(13,	4,	'Светлана Николаевна',	'zovbelarus.ru@gmail.com',	'+7 111 111 111 1',	'',	'2016-10-03 18:51:00',	'',	'Выражаю огромную благодарность героическому подвигу Алексею, который за один день собрал кухню качественно, вежливо и дружелюбно. А также менеджеру Ирине за помощь в выборе кухни! Спасибо. Светлана Николаевна почта sn.dorofeeva@gmail.com',	5,	1),
(14,	4,	'Виктор',	'zovbelarus.ru@gmail.com',	'+7 111 111 111 1',	'',	'2016-09-21 13:15:00',	'',	'Спасибо за хорошую кухню. Особенно спасибо менеджеру Елене за замечательную работу.',	5,	1),
(15,	4,	'Александр Федорович',	'zovbelarus.ru@gmail.com',	'+7 111 111 111 1',	'',	'2016-07-09 19:56:00',	'',	'За хорошо выполненную работу большое спасибо Александровой Любе и Раданову Алексею.\r\nАлександр Федорович',	5,	1),
(16,	11,	'Наталья',	'zovbelarus.ru@gmail.com',	'+7 111 111 111 1',	'',	'2016-06-07 14:17:00',	'',	'Очень благодарна за высококвалифицированную работу и культурное обслуживание. Наталья. Сумской проезд, д.9.',	5,	1),
(17,	11,	'Евгений Валерьевич',	'zovbelarus.ru@gmail.com',	'+7 111 111 111 1',	'',	'2016-04-25 12:02:00',	'',	'Все качественно и профессинально, особенно хотелось бы отметить вежливость и проницательность сборщика Алексея.\r\n\r\nЕвгений Валерьевич г.Москва, ул.Липетская, д. 20',	5,	1),
(18,	11,	'Сергей',	'zovbelarus.ru@gmail.com',	'+7 111 111 111 1',	'',	'2016-01-27 16:35:00',	'',	'Алексей молодец! Дружба на веки) Следующий заказ только у вас. Сергей. Новая Рига, КП Кембридж. e-mail: s7280549@yandex.ru',	5,	1);

DROP TABLE IF EXISTS `salon`;
CREATE TABLE `salon` (
  `id` int(11) NOT NULL AUTO_INCREMENT,
  `metro_id` int(11) DEFAULT NULL,
  `id_user` int(11) DEFAULT NULL,
  `longitude` varchar(255) COLLATE utf8_unicode_ci NOT NULL,
  `latitude` varchar(255) COLLATE utf8_unicode_ci NOT NULL,
  `phone` varchar(30) COLLATE utf8_unicode_ci NOT NULL,
  `description` varchar(255) COLLATE utf8_unicode_ci NOT NULL,
  `title` varchar(255) COLLATE utf8_unicode_ci NOT NULL,
  `address` varchar(255) COLLATE utf8_unicode_ci NOT NULL,
  `workingHours` varchar(255) COLLATE utf8_unicode_ci NOT NULL,
  `tc` varchar(255) COLLATE utf8_unicode_ci NOT NULL,
  `gorod` varchar(255) COLLATE utf8_unicode_ci NOT NULL,
  `slugAddress` varchar(255) COLLATE utf8_unicode_ci NOT NULL,
  `slug` varchar(255) COLLATE utf8_unicode_ci NOT NULL,
  `article` varchar(3000) COLLATE utf8_unicode_ci NOT NULL,
  `vivodKarta` tinyint(1) NOT NULL,
  `vivodSelect` tinyint(1) NOT NULL,
  `imageName` varchar(255) COLLATE utf8_unicode_ci NOT NULL,
  `imageSize` int(11) NOT NULL,
  `updated` datetime NOT NULL,
  PRIMARY KEY (`id`),
  UNIQUE KEY `UNIQ_F268F417989D9B62` (`slug`),
  KEY `IDX_F268F4171EA60E4E` (`metro_id`),
  KEY `IDX_F268F4176B3CA4B` (`id_user`),
  CONSTRAINT `FK_F268F4171EA60E4E` FOREIGN KEY (`metro_id`) REFERENCES `station_moscow` (`id`),
  CONSTRAINT `FK_F268F4176B3CA4B` FOREIGN KEY (`id_user`) REFERENCES `fos_user_user` (`id`)
) ENGINE=InnoDB DEFAULT CHARSET=utf8 COLLATE=utf8_unicode_ci;

INSERT INTO `salon` (`id`, `metro_id`, `id_user`, `longitude`, `latitude`, `phone`, `description`, `title`, `address`, `workingHours`, `tc`, `gorod`, `slugAddress`, `slug`, `article`, `vivodKarta`, `vivodSelect`, `imageName`, `imageSize`, `updated`) VALUES
(1,	NULL,	NULL,	'',	'',	'',	'АртСтильДизайн',	'АртСтильДизайн',	'Гродно, ул. Держинского',	'',	'',	'',	'1',	'1',	'',	0,	0,	'',	0,	'2017-10-04 14:43:15'),
(2,	NULL,	2,	'',	'',	'',	'',	'',	'',	'',	'«ВЫБЕРИТЕ САЛОН»',	'',	'2',	'2',	'«Кухни ЗОВ» ул. Профсоюзная, 104',	0,	1,	'',	0,	'2017-10-04 14:43:15'),
(3,	95,	3,	'55.641920',	'37.523456',	'123456',	'm008',	'«Кухни ЗОВ» ул. Профсоюзная, 104',	'ул. Профсоюзная, 104',	'9:00 - 18:00',	'«Кухни ЗОВ»',	'Москва',	'moskow',	'm008',	'«Кухни ЗОВ» ул. Профсоюзная, 45',	1,	0,	'',	0,	'2017-10-04 14:43:15'),
(4,	104,	4,	'55.666599',	'37.552148',	'123456',	'vip1',	'«Кухни ЗОВ» ул. Профсоюзная, 45',	'ул. Профсоюзная, 45',	'9:00 - 18:00',	'«Кухни ЗОВ»',	'Москва',	'moskow',	'vip1',	'<p>МЦ  «ROOMER» ул. Ленинская Слобода, 26</p>',	1,	1,	'slide-1.jpg',	251228,	'2018-01-22 12:30:14'),
(11,	23,	11,	'55.709992',	'37.654287',	'123456',	'drozd',	'МЦ «ROOMER» ул. Ленинская Слобода, 26',	'ул. Ленинская Слобода, 26',	'9:00 - 18:00',	'МЦ «ROOMER»',	'Москва',	'moskow',	'drozd',	'<p>ТЦ  «Город Лефортово» Шоссе Энтузиастов, 12к2</p>',	1,	1,	'slide-2.jpg',	142753,	'2018-01-22 16:02:55'),
(17,	139,	17,	'55.747363',	'37.707098',	'123456',	'zov-1',	'ТЦ «Город Лефортово» Шоссе Энтузиастов, 12к2',	'Шоссе Энтузиастов, 12к2',	'9:00 - 18:00',	'ТЦ «Город Лефортово»',	'Москва',	'moskow',	'zov-1',	'ТЦ «Мебель Сити» Дмитровское шоссе, 118к1',	1,	1,	'',	0,	'2018-01-22 11:51:16'),
(19,	152,	19,	'55.905640',	'37.544204',	'123456',	'mos-888',	'ТЦ «Мебель Сити» Дмитровское шоссе, 118к1',	'Дмитровское шоссе, 118к1',	'9:00 - 18:00',	'ТЦ «Мебель Сити»',	'Москва',	'moskow',	'mos-888',	'ТВК «Мебель России» Кронштадтский бульвар, 14',	1,	0,	'',	0,	'2017-10-04 14:43:15'),
(22,	27,	22,	'55.841788',	'37.496461',	'123456',	'mos-52',	'ТВК «Мебель России» Кронштадтский бульвар, 14',	'Кронштадтский бульвар, 14',	'9:00 - 18:00',	'ТВК «Мебель России»',	'Москва',	'moskow',	'mos-52',	'«Кухни ЗОВ» ул. Грина, 36',	1,	0,	'',	0,	'2018-01-22 11:51:16'),
(23,	206,	23,	'55.568994',	'37.566371',	'123456',	'zai',	'«Кухни ЗОВ» ул. Грина, 36',	'ул. Грина, 36',	'9:00 - 18:00',	'«Кухни ЗОВ»',	'Москва',	'moskow',	'zai',	'«Кухни ЗОВ» Новая Москва, пос. Коммунарка, ул. Липовый Парк 2',	1,	0,	'',	0,	'2018-01-22 11:51:16'),
(25,	NULL,	25,	'55.571800',	'37.492886',	'123456',	'kommunarka',	'«Кухни ЗОВ» Новая Москва, пос. Коммунарка, ул. Липовый Парк 2',	'ул. Липовый Парк 2',	'9:00 - 18:00',	'«Кухни ЗОВ»',	'Новая Москва, пос. Коммунарка',	'new-moskow',	'kommunarka',	'ТЦ «Ярмарка мебели» МКАД 47км, ст21',	1,	1,	'',	0,	'2018-01-22 11:51:16'),
(27,	13,	27,	'55.657956',	'37.431190',	'123456',	'german',	'ТЦ «Ярмарка мебели» МКАД 47км, ст21',	'МКАД 47км, ст21',	'9:00 - 18:00',	'ТЦ «Ярмарка мебели»',	'Москва',	'moskow',	'german',	'ТЦ «Октябренок» Люберцы, пгт. Октябрьский,ул. Ленина, 39б',	1,	0,	'',	0,	'2018-01-22 11:51:16'),
(33,	NULL,	33,	'55.608811',	'37.977315',	'123456',	'mos-777',	'ТЦ «Октябренок» Люберцы, пгт. Октябрьский,ул. Ленина, 39б',	'ул. Ленина, 39б',	'9:00 - 18:00',	'ТЦ «Октябренок»',	'МО, Люберцы, пгт. Октябрьский',	'moskow-old',	'mos-777-1',	'ТЦ «Весна» п. Лыткарино, ул. Парковая, с2',	1,	0,	'',	0,	'2018-01-22 11:51:16'),
(37,	NULL,	33,	'55.582014',	'37.912220',	'123456',	'mos-777',	'ТЦ «Весна» п. Лыткарино, ул. Парковая, с2',	'ул. Парковая, с2',	'9:00 - 18:00',	'ТЦ «Весна»',	'МО, п. Лыткарино',	'moskow-old',	'mos-777-2',	'Балашиха, ул. Свердлова, 32',	1,	0,	'',	0,	'2018-01-22 11:51:16'),
(39,	NULL,	39,	'55.828341',	'37.972470',	'123456',	'tvg',	'Балашиха, ул. Свердлова, 32',	'ул. Свердлова, 32',	'9:00 - 18:00',	'«Кухни ЗОВ»',	'МО, Балашиха',	'moskow-old',	'tvg',	'ТРЦ «Zеленопарк» Зеленоград, пгт. Ржавки, 2-й микрорайон, с20',	1,	1,	'',	0,	'2018-01-22 11:51:16'),
(41,	NULL,	41,	'55.999111',	'37.257908',	'123456',	'krukovo',	'ТРЦ «Zеленопарк» Зеленоград, пгт. Ржавки, 2-й микрорайон, с20',	'2-й микрорайон, с20',	'9:00 - 18:00',	'ТРЦ «Zеленопарк»',	'МО, Зеленоград, пгт. Ржавки',	'moskow-old',	'krukovo',	'ТРЦ «Zеленопарк» Зеленоград, пгт. Ржавки, 2-й микрорайон, с20',	1,	1,	'',	0,	'2018-01-22 11:51:16');

DROP TABLE IF EXISTS `salon_images`;
CREATE TABLE `salon_images` (
  `id` int(11) NOT NULL AUTO_INCREMENT,
  `salon_id` int(11) DEFAULT NULL,
  `title` varchar(255) COLLATE utf8_unicode_ci NOT NULL,
  `imageName` varchar(255) COLLATE utf8_unicode_ci NOT NULL,
  `imageSize` int(11) NOT NULL,
  `updated` datetime NOT NULL,
  PRIMARY KEY (`id`),
  KEY `IDX_B07B42064C91BDE4` (`salon_id`),
  CONSTRAINT `FK_B07B42064C91BDE4` FOREIGN KEY (`salon_id`) REFERENCES `salon` (`id`)
) ENGINE=InnoDB DEFAULT CHARSET=utf8 COLLATE=utf8_unicode_ci;

INSERT INTO `salon_images` (`id`, `salon_id`, `title`, `imageName`, `imageSize`, `updated`) VALUES
(1,	11,	'1',	'slide-6.jpg',	34838,	'2018-01-22 16:21:32'),
(2,	11,	'укейку',	'slide-5.jpg',	153093,	'2018-01-22 16:21:50');

DROP TABLE IF EXISTS `settings`;
CREATE TABLE `settings` (
  `id` int(11) NOT NULL AUTO_INCREMENT,
  `name` varchar(255) COLLATE utf8_unicode_ci NOT NULL,
  `setting` varchar(3000) COLLATE utf8_unicode_ci NOT NULL,
  PRIMARY KEY (`id`)
) ENGINE=InnoDB DEFAULT CHARSET=utf8 COLLATE=utf8_unicode_ci;

INSERT INTO `settings` (`id`, `name`, `setting`) VALUES
(1,	'coef',	'1.4'),
(2,	'nds',	'1.18'),
(3,	'kurs',	'73'),
(7,	'article',	'qweqweqw'),
(8,	'title-main',	'Кухни ЗОВ &mdash; Федеральная торговая сеть на территории России'),
(9,	'title-kuhni',	'Каталог Кухни ЗОВ — подбор по материалу, слилю, форме..'),
(10,	'title-project',	'Проеты Кухни ЗОВ — подбор по материалу, слилю, форме..');

DROP TABLE IF EXISTS `station_moscow`;
CREATE TABLE `station_moscow` (
  `id` int(11) NOT NULL AUTO_INCREMENT,
  `name_station` varchar(255) COLLATE utf8_unicode_ci NOT NULL,
  `line` varchar(255) COLLATE utf8_unicode_ci NOT NULL,
  `color` varchar(255) COLLATE utf8_unicode_ci NOT NULL,
  PRIMARY KEY (`id`)
) ENGINE=InnoDB DEFAULT CHARSET=utf8 COLLATE=utf8_unicode_ci;

INSERT INTO `station_moscow` (`id`, `name_station`, `line`, `color`) VALUES
(1,	'Библиотека имени Ленина\r\n',	'Сокольническая\r\n',	'#d2160a'),
(13,	'Румянцево',	'Сокольническая',	'#d2160a'),
(23,	'Автозаводская',	'Замоскворецкая',	'#218a4f'),
(27,	'Водный стадион',	'Замоскворецкая',	'#218a4f'),
(95,	'Беляево',	'Калужско-Рижская\r\n',	'#fb961c'),
(104,	'Новые Черёмушки',	'Калужско-Рижская\r\n',	'#fb961c'),
(139,	'Авиамоторная',	'Калининская',	'#eacb2b'),
(152,	'Алтуфьево',	'Серпуховско-Тимирязевская',	'#5b5b5b'),
(206,	'Улица Старокачаловская',	'Бутовская',	'#b9c7e7');

DROP TABLE IF EXISTS `zov_zakaz`;
CREATE TABLE `zov_zakaz` (
  `id` int(11) NOT NULL AUTO_INCREMENT,
  `id_salon` int(11) DEFAULT NULL,
  `id_status` int(11) DEFAULT NULL,
  `number` varchar(255) COLLATE utf8_unicode_ci NOT NULL,
  `date` date NOT NULL,
  `orderNumber` varchar(255) COLLATE utf8_unicode_ci NOT NULL,
  PRIMARY KEY (`id`),
  UNIQUE KEY `UNIQ_40633ECC989A8203` (`orderNumber`),
  KEY `IDX_40633ECC1CEDB527` (`id_salon`),
  KEY `IDX_40633ECC5D37D0F1` (`id_status`),
  CONSTRAINT `FK_40633ECC1CEDB527` FOREIGN KEY (`id_salon`) REFERENCES `salon` (`id`),
  CONSTRAINT `FK_40633ECC5D37D0F1` FOREIGN KEY (`id_status`) REFERENCES `zov_zakaz_status` (`id`)
) ENGINE=InnoDB DEFAULT CHARSET=utf8 COLLATE=utf8_unicode_ci;

INSERT INTO `zov_zakaz` (`id`, `id_salon`, `id_status`, `number`, `date`, `orderNumber`) VALUES
(1,	2,	4,	'123',	'2018-01-19',	'ewrfer234');

DROP TABLE IF EXISTS `zov_zakaz_status`;
CREATE TABLE `zov_zakaz_status` (
  `id` int(11) NOT NULL AUTO_INCREMENT,
  `status` varchar(255) COLLATE utf8_unicode_ci NOT NULL,
  PRIMARY KEY (`id`),
  UNIQUE KEY `UNIQ_F278441D7B00651C` (`status`)
) ENGINE=InnoDB DEFAULT CHARSET=utf8 COLLATE=utf8_unicode_ci;

INSERT INTO `zov_zakaz_status` (`id`, `status`) VALUES
(2,	'В работе'),
(3,	'Ожидается отгрузка'),
(4,	'Отгружен транспортом фабрики'),
(1,	'Принят обработку фабрикой');

-- 2018-01-25 07:17:35