--
-- Дамп данных таблицы `call_back`
--

INSERT INTO `call_back` (`id`, `name`, `email`, `phone`, `geoIP`, `created`, `url`, `message`, `id_salon`) VALUES
(1, 'Павео', 'antosha.1998.ru@mail.ru', '+745646514564', 'Не удалось определить координаты посетителя', '2017-10-18 10:46:53', '123', 'gfdhngf', 2),
(2, 'Anthony', 'antosha.1998.ru@mail.ru', '+', 'Не удалось определить координаты посетителя', '2017-10-18 10:48:07', '123', 'sas', 2),
(3, 'Антон Бабич', 'antosha.1998.ru@mail.ru', '+37512312313123', 'Не удалось определить координаты посетителя', '2017-10-18 10:55:39', '123', 'я тут', 2),
(4, 'Anthony', 'antosha.1998.ru@mail.ru', '+7298324405', 'Не удалось определить координаты посетителя', '2017-10-18 11:01:39', '123', 'пукпуцпку', 2),
(5, 'Антон Бабич', 'antosha.1998.ru@mail.ru', '+754644565465', 'Не удалось определить координаты посетителя', '2017-10-18 11:04:01', '123', 'hrthdrthrt', 2),
(6, 'Anthony', 'antosha.1998.ru@mail.ru', '+722222222222', 'Не удалось определить координаты посетителя', '2017-10-18 11:06:05', '123', 'fewewfwe', 3),
(7, 'Anthony', 'antosha.1998.ru@mail.ru', '+722222222222', 'Не удалось определить координаты посетителя', '2017-10-18 11:06:45', '123', 'fewewfwe', 3),
(8, 'Anthony', 'antosha.1998.ru@mail.ru', '+712312312', 'Не удалось определить координаты посетителя', '2017-10-18 11:10:37', '123', '2rewre', 3),
(9, 'Anthony', 'antosha.1998.ru@mail.ru', '+71', 'Не удалось определить координаты посетителя', '2017-10-18 11:13:12', '123', 'fewertg', 3),
(10, 'Anthony', 'antosha.1998.ru@mail.ru', '+7298324405', 'Не удалось определить координаты посетителя', '2017-10-18 11:16:15', '123', 'dvf', 3),
(11, 'Антон Бабич', 'antosha.1998.ru@mail.ru', '+7298324405', 'Не удалось определить координаты посетителя', '2017-10-18 11:16:54', '123', 'mgghm', 3),
(12, 'Антон Бабич', 'antosha.1998.ru@mail.ru', '+7298324405', 'Не удалось определить координаты посетителя', '2017-10-18 11:17:53', '123', 'trhsrt', 3),
(13, 'Антон Бабич', 'antosha.1998.ru@mail.ru', '+7298324405', 'Не удалось определить координаты посетителя', '2017-10-18 11:35:19', '123', 'rhrhert', 3),
(14, '', '', '+70', 'Не удалось определить координаты посетителя', '2017-10-18 11:55:21', '123', '', 3),
(15, '', '', '+70', 'Не удалось определить координаты посетителя', '2017-10-18 11:59:39', '123', '', 3),
(16, '', '', '+70', 'Не удалось определить координаты посетителя', '2017-10-18 12:02:27', '123', '', 3),
(17, '', '', '+70', 'Не удалось определить координаты посетителя', '2017-10-18 12:03:58', '123', '', 3),
(18, '', '', '+70', 'Не удалось определить координаты посетителя', '2017-10-18 12:04:45', '123', '', 3),
(19, '', '', '+70', 'Не удалось определить координаты посетителя', '2017-10-18 12:06:59', '123', '', 3),
(20, 'Антон Бабич', 'antosha.1998.ru@mail.ru', '++7 (___) 345-32-__', 'Не удалось определить координаты посетителя', '2017-10-18 12:20:35', 'http://kitchen/web/app_dev.php/', 'rth', 3),
(21, 'Антон Бабич', 'antosha.1998.ru@mail.ru', '++7 (_34) 234-23-42', 'Не удалось определить координаты посетителя', '2017-10-18 12:23:09', 'http://kitchen/web/app_dev.php/', 'geweghw', 3),
(22, 'Anthony', 'antosha.1998.ru@mail.ru', '++7 (___) ___-__-__', 'Не удалось определить координаты посетителя', '2017-10-18 12:24:15', 'http://kitchen/web/app_dev.php/', 'regqre', 3),
(23, 'Антон Бабич', 'antosha.1998.ru@mail.ru', '+7 (___) ___-__-__', 'Не удалось определить координаты посетителя', '2017-10-18 12:26:23', 'http://kitchen/web/app_dev.php/', 'dsgre', 3),
(24, 'Антон Бабич', 'antosha.1998.ru@mail.ru', '+7 (___) ___-__-__', 'Не удалось определить координаты посетителя', '2017-10-18 12:26:26', 'http://kitchen/web/app_dev.php/', 'dsgre', 3),
(25, 'Антон Бабич', 'antosha.1998.ru@mail.ru', '+7 (___) ___-__-__', 'Не удалось определить координаты посетителя', '2017-10-18 12:26:26', 'http://kitchen/web/app_dev.php/', 'dsgre', 3),
(26, 'Anthony', 'antosha.1998.ru@mail.ru', '+7 (___) ___-__-__', 'Не удалось определить координаты посетителя', '2017-10-18 12:27:10', 'http://kitchen/web/app_dev.php/', 'dfbzdf', 3),
(27, 'Anthony', 'antosha.1998.ru@mail.ru', '+7 (___) ___-__-__', 'Не удалось определить координаты посетителя', '2017-10-18 12:27:12', 'http://kitchen/web/app_dev.php/', 'dfbzdf', 3),
(28, 'Anthony', 'antosha.1998.ru@mail.ru', '+7 (___) ___-__-__', 'Не удалось определить координаты посетителя', '2017-10-18 12:27:12', 'http://kitchen/web/app_dev.php/', 'dfbzdf', 3),
(29, 'Anthony', 'antosha.1998.ru@mail.ru', '+7 (___) ___-__-__', 'Не удалось определить координаты посетителя', '2017-10-18 12:27:13', 'http://kitchen/web/app_dev.php/', 'dfbzdf', 3),
(30, 'Павео', 'antosha.1998.ru@mail.ru', '+7 (___) ___-__-__', 'Не удалось определить координаты посетителя', '2017-10-18 12:30:18', 'http://kitchen/web/app_dev.php/', 'k', 2),
(31, 'Павео', 'antosha.1998.ru@mail.ru', '+7 (___) ___-__-__', 'Не удалось определить координаты посетителя', '2017-10-18 12:30:19', 'http://kitchen/web/app_dev.php/', 'k', 2),
(32, 'Павео', 'antosha.1998.ru@mail.ru', '+7 (___) ___-__-__', 'Не удалось определить координаты посетителя', '2017-10-18 12:30:20', 'http://kitchen/web/app_dev.php/', 'k', 2),
(33, 'Anthony', 'antosha.1998.ru@mail.ru', '+298324405', 'Не удалось определить координаты посетителя', '2017-10-18 12:30:57', 'http://kitchen/web/app_dev.php/', 'gfsnf', 2),
(34, 'Антон Бабич', 'antosha.1998.ru@mail.ru', '+7 (___) ___-__-__', 'Не удалось определить координаты посетителя', '2017-10-18 12:31:08', 'http://kitchen/web/app_dev.php/', 'ydjty', 2),
(35, 'Антон Бабич', 'antosha.1998.ru@mail.ru', '+7 (___) ___-__-__', 'Не удалось определить координаты посетителя', '2017-10-18 12:31:10', 'http://kitchen/web/app_dev.php/', 'ydjty', 2),
(36, 'Anthony', 'antosha.1998.ru@mail.ru', '+7 (___) ___-__-__', 'Не удалось определить координаты посетителя', '2017-10-18 12:32:15', 'http://kitchen/web/app_dev.php/', 'hjf', 2),
(37, 'Антон Бабич', 'antosha.1998.ru@mail.ru', '+7 (___) ___-__-__', 'Не удалось определить координаты посетителя', '2017-10-18 12:32:38', 'http://kitchen/web/app_dev.php/', 'reger', 2),
(38, 'Антон Бабич', 'antosha.1998.ru@mail.ru', '+7 (495)123-45-678', 'Не удалось определить координаты посетителя', '2017-10-20 09:10:04', 'http://kitchen/web/app_dev.php/', 'ytjty', 2),
(39, 'Антон Бабич', 'antosha.1998.ru@mail.ru', '+7 (495)123-45-678', 'Не удалось определить координаты посетителя', '2017-10-20 11:17:26', 'http://kitchen/web/app_dev.php/', 'tyuity', 2),
(40, 'Антон Бабич', 'antosha.1998.ru@mail.ru', '+7 (495)123-45-678', 'Не удалось определить координаты посетителя', '2017-10-20 11:19:11', 'http://kitchen/web/app_dev.php/', '4r34', 2),
(41, 'Павео', 'antosha.1998.ru@mail.ru', '+7 (495)123-45-678', 'Не удалось определить координаты посетителя', '2017-10-20 11:21:29', 'http://kitchen/web/app_dev.php/', 'hdteh', 2);

-- --------------------------------------------------------

INSERT INTO `catalog` (`id`, `name`, `title`, `description`, `keywords`, `alt`, `imageName`, `imageSize`, `updated`) VALUES
(1, 'КУХНИ', 'Каталог кухонь', 'В нашем салоне в Москве вы можете приобрести кухонный гарнитур от фабрики ЗОВ', 'кухни, москва, кухни зов', 'Кухни Москва', 'catalog_home.jpg', 12200, '2017-10-02 11:44:12'),
(2, 'СТОЛЫ И СТУЛЬЯ', 'Обеденные группы', 'В нашем салоне в Москве вы можете приобрести кухонный гарнитур от фабрики ЗОВ', 'кухни, москва, кухни зов', 'Alpha Lack', 'catalog_home_stoly.jpg', 12200, '2017-10-02 11:44:12'),
(3, 'ГОСТИНЫЕ и СПАЛЬНИ', 'Корпусная мебель', 'В нашем салоне в Москве вы можете приобрести кухонный гарнитур от фабрики ЗОВ', 'кухни, москва, кухни зов', 'Гостиные Спальни Москва', 'catalog_home_gostinye.jpg', 12200, '2017-10-02 11:44:12'),
(4, 'ДВЕРИ ИЗ МАССИВА', 'Межкомнатные двери', 'В нашем салоне в Москве вы можете приобрести кухонный гарнитур от фабрики ЗОВ', 'кухни, москва, кухни зов', 'Двери межкомнатные Москва', 'catalog_home_dveri.jpg', 12200, '2017-10-02 11:44:12'),
(5, 'КОМПЛЕКТУЮЩИЕ', 'Наполнение кухонь', 'В нашем салоне в Москве вы можете приобрести кухонный гарнитур от фабрики ЗОВ', 'кухни, москва, кухни зов', 'Glas Tec Plus', 'catalog_home_furnitura.jpg', 12200, '2017-10-02 11:44:12');

-- --------------------------------------------------------

--
-- Структура таблицы `cost_project`
--

INSERT INTO `cost_project` (`id`, `name`, `phone`, `email`, `message`, `url`, `geoIP`, `imageName`, `imageSize`, `updated`, `id_salon`) VALUES
(90, 'Антон Бабич', '+7 (495)123-45-678', 'antosha.1998.ru@mail.ru', 'уцкцу', 'http://kitchen/web/app_dev.php/', 'Не удалось определить координаты посетителя', 'fasad-acryl-shampagnemetallik.jpg', 12997, '2017-10-23 10:43:18', NULL),
(91, 'Антон Бабич', '+7 (495)123-45-678', 'antosha.1998.ru@mail.ru', 'Пожалуйста', 'http://kitchen/web/app_dev.php/', 'Не удалось определить координаты посетителя', 'fasad-acryl-belyi.jpg', 12366, '2017-10-23 10:44:07', NULL);

-- --------------------------------------------------------

--
-- Дамп данных таблицы `designer_at_home`
--

INSERT INTO `designer_at_home` (`id`, `name`, `phone`, `message`, `geoIP`, `url`, `created`, `id_salon`) VALUES
(1, 'антон', '726545645', 'йцуйцкуйа', '1231', '141', '2017-10-26 10:28:28', NULL);

-- --------------------------------------------------------

INSERT INTO `design_project_shag` (`id`, `name`, `email`, `phone`, `geoIP`, `created`, `url`, `style`, `config`, `id_salon`) VALUES
(1, 'Антон Бабич', 'antosha.1998.ru@mail.ru', '+7 (495)123-45-678', 'Не удалось определить координаты посетителя', '2017-10-30 10:31:11', 'http://kitchen/web/app_dev.php/', 'Классические', '', NULL),
(2, 'Антон Бабич', 'antosha.1998.ru@mail.ru', '298324405', 'Не удалось определить координаты посетителя', '2017-10-30 10:49:00', 'http://kitchen/web/app_dev.php/', 'Классические', 'kitchentype_pobraznye', NULL),
(3, 'Антон Бабич', 'antosha.1998.ru@mail.ru', '+7 (495)123-45-678', 'Не удалось определить координаты посетителя', '2017-10-30 10:53:47', 'http://kitchen/web/app_dev.php/', 'Классические', 'kitchentype_pobraznye', NULL),
(4, 'Антон Бабич', 'antosha.1998.ru@mail.ru', '+7 (495)123-45-678', 'Не удалось определить координаты посетителя', '2017-10-30 10:56:05', 'http://kitchen/web/app_dev.php/', 'Классические', 'kitchentype_pobraznye', NULL),
(5, 'Антон Бабич', 'antosha.1998.ru@mail.ru', '+7 (495)123-45-678', 'Не удалось определить координаты посетителя', '2017-10-30 10:58:23', 'http://kitchen/web/app_dev.php/', 'Классические', 'kitchentype_pobraznye', NULL);

-- --------------------------------------------------------


INSERT INTO `fasadColor_kuhni` (`kuhni_id`, `fasadColors_id`) VALUES
(41, 1),
(42, 1),
(41, 2),
(42, 2),
(43, 26),
(43, 125),
(43, 128),
(43, 129),
(43, 138);

-- --------------------------------------------------------


INSERT INTO `fasadType_kuhni` (`kuhni_id`, `fasadTypes_id`) VALUES
(41, 1),
(41, 2),
(41, 3),
(41, 4),
(43, 33),
(43, 34),
(43, 38),
(43, 41),
(43, 44),
(43, 134),
(43, 148),
(43, 149);


INSERT INTO `fasad_color` (`id`, `name`, `title`, `imageName`, `alt`, `imageSize`, `updated`, `id_kuhni_material`) VALUES
(1, '101', 'Фасад массив цвет 101 — Бежевая патина', 'fasad-massiv-101.jpg', 'Фасад массив цвет 101 — Бежевая патина', 1024, '2017-10-06 15:25:36', 1),
(2, '102', 'Фасад массив цвет 102 — Черная патина', 'fasad-massiv-102.jpg', 'Фасад массив цвет 102 — Черная патина', 1024, '2017-10-06 15:25:36', 2),
(3, '106', 'Фасад массив цвет 106 — Черная патина', 'fasad-massiv-106.jpg', 'Фасад массив цвет 106 — Черная патина', 1024, '2017-10-06 15:25:36', 3),
(4, '109', 'Фасад массив цвет 109 — Черная патина', 'fasad-massiv-109.jpg', 'Фасад массив цвет 109 — Черная патина', 1024, '2017-10-06 15:25:36', 4),
(5, '110', 'Фасад массив цвет 110 — Бежевая патина', 'fasad-massiv-110.jpg', 'Фасад массив цвет 110 — Бежевая патина', 1024, '2017-10-06 15:25:36', 5),
(6, '111*', 'Фасад массив цвет 111 — Черная патина (кроме ольхи)', 'fasad-massiv-111.jpg', 'Фасад массив цвет 111 — Черная патина (кроме ольхи)', 1024, '2017-10-06 15:25:36', 6),
(7, '112', 'Фасад массив цвет 112 — Рыжая патина', 'fasad-massiv-112.jpg', 'Фасад массив цвет 112 — Рыжая патина', 1024, '2017-10-06 15:25:36', 7),
(8, '112', 'Фасад массив цвет 112 — Патина X109', 'fasad-massiv-112-2.jpg', 'Фасад массив цвет 112 — Патина X109', 1024, '2017-10-06 15:25:36', 8),
(9, '113', 'Фасад массив цвет 113 — Черная патина', 'fasad-massiv-113.jpg', 'Фасад массив цвет 113 — Черная патина', 1024, '2017-10-06 15:25:36', 9),
(10, '114*', 'Фасад массив цвет 114 — Патина серебро (кроме ольхи)', 'fasad-massiv-114.jpg', 'Фасад массив цвет 114 — Патина серебро (кроме ольхи)', 1024, '2017-10-06 15:25:36', 10),
(11, '115', 'Фасад массив цвет 115 — Золотая патина', 'fasad-massiv-115.jpg', 'Фасад массив цвет 115 — Золотая патина', 1024, '2017-10-06 15:25:36', 11),
(12, '116', 'Фасад массив цвет 116 — Золотая патина', 'fasad-massiv-116.jpg', 'Фасад массив цвет 116 — Золотая патина', 1024, '2017-10-06 15:25:36', 12),
(13, '117', 'Фасад массив цвет 117 — Бежевая патина', 'fasad-massiv-117.jpg', 'Фасад массив цвет 117 — Бежевая патина', 1024, '2017-10-06 15:25:36', 13),
(14, '118', 'Фасад массив цвет 118 — Патина серебро', 'fasad-massiv-118.jpg', 'Фасад массив цвет 118 — Патина серебро', 1024, '2017-10-06 15:25:36', 1),
(15, '120', 'Фасад массив цвет 120', 'fasad-massiv-120.jpg', 'Фасад массив цвет 120', 1024, '2017-10-06 15:25:36', 2),
(16, '121', 'Фасад массив цвет 121', 'fasad-massiv-121.jpg', 'Фасад массив цвет 121', 1024, '2017-10-06 15:25:36', 3),
(17, '122', 'Фасад массив цвет 122 — Белая патина', 'fasad-massiv-122.jpg', 'Фасад массив цвет 122 — Белая патина', 1024, '2017-10-06 15:25:36', 4),
(18, '123', 'Фасад массив цвет 123 — Черная патина', 'fasad-massiv-123.jpg', 'Фасад массив цвет 123 — Черная патина', 1024, '2017-10-06 15:25:36', 5),
(19, '124', 'Фасад массив цвет 124', 'fasad-massiv-124.jpg', 'Фасад массив цвет 124', 1024, '2017-10-06 15:25:36', 6),
(20, '125', 'Фасад массив цвет 125', 'fasad-massiv-125.jpg', 'Фасад массив цвет 125', 1024, '2017-10-06 15:25:36', 7),
(21, '126', 'Фасад массив цвет 126 — Золотая патина', 'fasad-massiv-126.jpg', 'Фасад массив цвет 126 — Золотая патина', 1024, '2017-10-06 15:25:36', 8),
(22, '127', 'Фасад массив цвет 127 — Черная патина', 'fasad-massiv-127.jpg', 'Фасад массив цвет 127 — Черная патина', 1024, '2017-10-06 15:25:36', 9),
(23, '128', 'Фасад массив цвет 128 — Черная патина', 'fasad-massiv-128.jpg', 'Фасад массив цвет 128 — Черная патина', 1024, '2017-10-06 15:25:36', 10),
(24, '129', 'Фасад массив цвет 129 — Патина серебро', 'fasad-massiv-129.jpg', 'Фасад массив цвет 129 — Патина серебро', 1024, '2017-10-06 15:25:36', 11),
(25, '130', 'Фасад массив цвет 130 — Черная патина', 'fasad-massiv-130.jpg', 'Фасад массив цвет 130 — Черная патина', 1024, '2017-10-06 15:25:36', 12),
(26, '131', 'Фасад массив цвет 131 — Патина шоколад', 'fasad-massiv-131.jpg', 'Фасад массив цвет 131 — Патина шоколад', 1024, '2017-10-06 15:25:36', 13),
(27, '132', 'Фасад массив цвет 132 — Патина шоколад', 'fasad-massiv-132.jpg', 'Фасад массив цвет 132 — Патина шоколад', 1024, '2017-10-06 15:25:36', 3),
(28, '133', 'Фасад массив цвет 133 — Золотая патина', 'fasad-massiv-133.jpg', 'Фасад массив цвет 133 — Золотая патина', 1024, '2017-10-06 15:25:36', 4),
(29, '134', 'Фасад массив цвет 134 — Черная патина', 'fasad-massiv-134.jpg', 'Фасад массив цвет 134 — Черная патина', 1024, '2017-10-06 15:25:36', 5),
(30, '135 (F167)', 'Фасад массив цвет 135 (F167) — Патина графит', 'fasad-massiv-135.jpg', 'Фасад массив цвет 135 (F167) — Патина графит', 1024, '2017-10-06 15:25:36', 6),
(31, '136 (S052)', 'Фасад массив цвет 136 (S052) — Патина X109', 'fasad-massiv-136.jpg', 'Фасад массив цвет 136 (S052) — Патина X109', 1024, '2017-10-06 15:25:36', 7),
(32, '137 (N031)', 'Фасад массив цвет 137 (N031) — Золотая патина лак глянец 50', 'fasad-massiv-137.jpg', 'Фасад массив цвет 137 (N031) — Золотая патина лак глянец 50', 1024, '2017-10-06 15:25:36', 8),
(33, 'Зебрано светлый', 'Фасад из акрила цвет Зебрано светлый', 'fasad-acryl-zebranosvetlyi.jpg', 'Фасад из акрила цвет Зебрано светлый', 0, '2017-10-06 15:25:36', 1),
(34, 'Вишня', 'Фасад из акрила цвет Вишня', 'fasad-acryl-vishnia.jpg', 'Фасад из акрила цвет Вишня', 0, '2017-10-06 15:25:36', 2),
(35, 'Винил', 'Фасад из акрила цвет Винил', 'fasad-acryl-vinyl.jpg', 'Фасад из акрила цвет Винил', 0, '2017-10-06 15:25:36', 3),
(36, 'Уголь металлик', 'Фасад из акрила цвет Уголь металлик', 'fasad-acryl-ugolmetallik.jpg', 'Фасад из акрила цвет Уголь металлик', 0, '2017-10-06 15:25:36', 4),
(37, 'Трюфель', 'Фасад из акрила цвет Трюфель', 'fasad-acryl-trufel.jpg', 'Фасад из акрила цвет Трюфель', 0, '2017-10-06 15:25:36', 5),
(38, 'Тальк', 'Фасад из акрила цвет Тальк', 'fasad-acryl-talk.jpg', 'Фасад из акрила цвет Тальк', 0, '2017-10-06 15:25:36', 6),
(39, 'Светлосерый', 'Фасад из акрила цвет Светлосерый', 'fasad-acryl-svetloseryi.jpg', 'Фасад из акрила цвет Светлосерый', 0, '2017-10-06 15:25:36', 7),
(40, 'Сталь', 'Фасад из акрила цвет Сталь', 'fasad-acryl-stal.jpg', 'Фасад из акрила цвет Сталь', 0, '2017-10-06 15:25:36', 8),
(41, 'Сливки', 'Фасад из акрила цвет Сливки', 'fasad-acryl-slivki.jpg', 'Фасад из акрила цвет Сливки', 0, '2017-10-06 15:25:36', 9),
(42, 'Шоколад', 'Фасад из акрила цвет Шоколад', 'fasad-acryl-shokolad.jpg', 'Фасад из акрила цвет Шоколад', 0, '2017-10-06 15:25:36', 10),
(43, 'Шампань металлик', 'Фасад из акрила цвет Шампань металлик', 'fasad-acryl-shampagnemetallik.jpg', 'Фасад из акрила цвет Шампань металлик', 0, '2017-10-06 15:25:36', 11),
(44, 'Сахар', 'Фасад из акрила цвет Сахар', 'fasad-acryl-sahar.jpg', 'Фасад из акрила цвет Сахар', 0, '2017-10-06 15:25:36', 12),
(45, 'Пепел', 'Фасад из акрила цвет Пепел', 'fasad-acryl-pepel.jpg', 'Фасад из акрила цвет Пепел', 0, '2017-10-06 15:25:36', 13),
(46, 'Облепиха', 'Фасад из акрила цвет Облепиха', 'fasad-acryl-oblepiha.jpg', 'Фасад из акрила цвет Облепиха', 0, '2017-10-06 15:25:36', 1),
(47, 'Какао', 'Фасад из акрила цвет Какао', 'fasad-acryl-kakao.jpg', 'Фасад из акрила цвет Какао', 0, '2017-10-06 15:25:36', 2),
(48, 'Грифель металлик', 'Фасад из акрила цвет Грифель металлик', 'fasad-acryl-griffelmetallik.jpg', 'Фасад из акрила цвет Грифель металлик', 0, '2017-10-06 15:25:36', 3),
(49, 'Графит', 'Фасад из акрила цвет Графит', 'fasad-acryl-graphite.jpg', 'Фасад из акрила цвет Графит', 0, '2017-10-06 15:25:36', 4),
(50, 'Гранат', 'Фасад из акрила цвет Гранат', 'fasad-acryl-granat.jpg', 'Фасад из акрила цвет Гранат', 0, '2017-10-06 15:25:36', 5),
(51, 'Фиолет', 'Фасад из акрила цвет Фиолет', 'fasad-acryl-fiolet.jpg', 'Фасад из акрила цвет Фиолет', 0, '2017-10-06 15:25:36', 6),
(52, 'Ежевика', 'Фасад из акрила цвет Ежевика', 'fasad-acryl-ezhevika.jpg', 'Фасад из акрила цвет Ежевика', 0, '2017-10-06 15:25:36', 7),
(53, 'Бордо', 'Фасад из акрила цвет Бордо', 'fasad-acryl-bordo.jpg', 'Фасад из акрила цвет Бордо', 0, '2017-10-06 15:25:36', 8),
(54, 'Белый', 'Фасад из акрила цвет Белый', 'fasad-acryl-belyi.jpg', 'Фасад из акрила цвет Белый', 0, '2017-10-06 15:25:36', 9),
(55, 'Желтый', 'Фасад из пластика цвет Желтый', 'fasad-plastic-zheltyi.jpg', 'Фасад из пластика цвет Желтый', 0, '2017-10-06 15:25:36', 10),
(56, 'Зеленый', 'Фасад из пластика цвет Зеленый', 'fasad-plastic-zelenyi.jpg', 'Фасад из пластика цвет Зеленый', 0, '2017-10-06 15:25:36', 11),
(57, 'Туя', 'Фасад из пластика цвет Туя', 'fasad-plastic-tuia.jpg', 'Фасад из пластика цвет Туя', 0, '2017-10-06 15:25:36', 12),
(58, 'Шторм', 'Фасад из пластика цвет Шторм', 'fasad-plastic-storm.jpg', 'Фасад из пластика цвет Шторм', 0, '2017-10-06 15:25:36', 13),
(59, 'Снежный', 'Фасад из пластика цвет Снежный', 'fasad-plastic-snezhnyi.jpg', 'Фасад из пластика цвет Снежный', 0, '2017-10-06 15:25:36', 3),
(60, 'Шелк', 'Фасад из пластика цвет Шелк', 'fasad-plastic-silk.jpg', 'Фасад из пластика цвет Шелк', 0, '2017-10-06 15:25:36', 4),
(61, 'Серый перламутр', 'Фасад из пластика цвет Серый перламутр', 'fasad-plastic-seryiperlamutr.jpg', 'Фасад из пластика цвет Серый перламутр', 0, '2017-10-06 15:25:36', 5),
(62, 'Серый', 'Фасад из пластика цвет Серый', 'fasad-plastic-seryi.jpg', 'Фасад из пластика цвет Серый', 0, '2017-10-06 15:25:36', 6),
(63, 'Салатовый', 'Фасад из пластика цвет Салатовый', 'fasad-plastic-salatovyi.jpg', 'Фасад из пластика цвет Салатовый', 0, '2017-10-06 15:25:36', 7),
(64, 'Полосатый дуб', 'Фасад из пластика цвет Полосатый дуб', 'fasad-plastic-polosatyidub.jpg', 'Фасад из пластика цвет Полосатый дуб', 0, '2017-10-06 15:25:36', 8),
(65, 'Нуга', 'Фасад из пластика цвет Нуга', 'fasad-plastic-nuga.jpg', 'Фасад из пластика цвет Нуга', 0, '2017-10-06 15:25:36', 1),
(66, 'Ночь', 'Фасад из пластика цвет Ночь', 'fasad-plastic-noch.jpg', 'Фасад из пластика цвет Ночь', 0, '2017-10-06 15:25:36', 2),
(67, 'Мореный дуб', 'Фасад из пластика цвет Мореный дуб', 'fasad-plastic-morenyidub.jpg', 'Фасад из пластика цвет Мореный дуб', 0, '2017-10-06 15:25:36', 3),
(68, 'Мята', 'Фасад из пластика цвет Мята', 'fasad-plastic-mint.jpg', 'Фасад из пластика цвет Мята', 0, '2017-10-06 15:25:36', 4),
(69, 'Медь перламутр', 'Фасад из пластика цвет Медь перламутр', 'fasad-plastic-med.jpg', 'Фасад из пластика цвет Медь перламутр', 0, '2017-10-06 15:25:36', 5),
(70, 'Махонь', 'Фасад из пластика цвет Махонь', 'fasad-plastic-mahon.jpg', 'Фасад из пластика цвет Махонь', 0, '2017-10-06 15:25:36', 6),
(71, 'Лотос черный', 'Фасад из пластика цвет Лотос черный', 'fasad-plastic-lotoschernyi.jpg', 'Фасад из пластика цвет Лотос черный', 0, '2017-10-06 15:25:36', 7),
(72, 'Лотос белый', 'Фасад из пластика цвет Лотос белый', 'fasad-plastic-lotosbelyi.jpg', 'Фасад из пластика цвет Лотос белый', 0, '2017-10-06 15:25:36', 8),
(73, 'Крем перламутр', 'Фасад из пластика цвет Крем перламутр', 'fasad-plastic-krem.jpg', 'Фасад из пластика цвет Крем перламутр', 0, '2017-10-06 15:25:36', 9),
(74, 'Красный', 'Фасад из пластика цвет Красный', 'fasad-plastic-krasnyi.jpg', 'Фасад из пластика цвет Красный', 0, '2017-10-06 15:25:36', 10),
(75, 'Корица', 'Фасад из пластика цвет Корица', 'fasad-plastic-koritsa.jpg', 'Фасад из пластика цвет Корица', 0, '2017-10-06 15:25:36', 11),
(76, 'Кофе', 'Фасад из пластика цвет Кофе', 'fasad-plastic-kofe.jpg', 'Фасад из пластика цвет Кофе', 0, '2017-10-06 15:25:36', 12),
(77, 'Капучино', 'Фасад из пластика цвет Капучино', 'fasad-plastic-kapuchino.jpg', 'Фасад из пластика цвет Капучино', 0, '2017-10-06 15:25:36', 13),
(78, 'Ива', 'Фасад из пластика цвет Ива', 'fasad-plastic-iva.jpg', 'Фасад из пластика цвет Ива', 0, '2017-10-06 15:25:36', 1),
(79, 'Хаки', 'Фасад из пластика цвет Хаки', 'fasad-plastic-haki.jpg', 'Фасад из пластика цвет Хаки', 0, '2017-10-06 15:25:36', 2),
(80, 'Фиалка', 'Фасад из пластика цвет Фиалка', 'fasad-plastic-fialka.jpg', 'Фасад из пластика цвет Фиалка', 0, '2017-10-06 15:25:36', 3),
(81, 'Цитрус', 'Фасад из пластика цвет Цитрус', 'fasad-plastic-citrus.jpg', 'Фасад из пластика цвет Цитрус', 0, '2017-10-06 15:25:36', 4),
(82, 'Бирюзовый', 'Фасад из пластика цвет Бирюзовый', 'fasad-plastic-biruzovyi.jpg', 'Фасад из пластика цвет Бирюзовый', 0, '2017-10-06 15:25:36', 5),
(83, 'Бежевый', 'Фасад из пластика цвет Бежевый', 'fasad-plastic-bezhevyi.jpg', 'Фасад из пластика цвет Бежевый', 0, '2017-10-06 15:25:36', 6),
(84, 'Баклажан', 'Фасад из пластика цвет Баклажан', 'fasad-plastic-baklazhan.jpg', 'Фасад из пластика цвет Баклажан', 0, '2017-10-06 15:25:36', 7),
(85, 'Арктик белый', 'Фасад из пластика цвет Арктик белый', 'fasad-plastic-arcticbelyi.jpg', 'Фасад из пластика цвет Арктик белый', 0, '2017-10-06 15:25:36', 8),
(86, 'Апельсин', 'Фасад из пластика цвет Апельсин', 'fasad-plastic-apelsin.jpg', 'Фасад из пластика цвет Апельсин', 0, '2017-10-06 15:25:36', 9),
(87, 'Антрацит перламутр', 'Фасад из пластика цвет Антрацит перламутр', 'fasad-plastic-antratsit.jpg', 'Фасад из пластика цвет Антрацит перламутр', 0, '2017-10-06 15:25:36', 10),
(88, 'Жемчуг', 'Фасад из стекла цвет Жемчуг', 'fasad-glass-zhemchug.jpg', 'Фасад из стекла цвет Жемчуг', 0, '2017-10-06 15:25:36', 11),
(89, 'Ультрабелый', 'Фасад из стекла цвет Ультрабелый', 'fasad-glass-ultrabelyi.jpg', 'Фасад из стекла цвет Ультрабелый', 0, '2017-10-06 15:25:36', 12),
(90, 'Саншайн', 'Фасад из стекла цвет Саншайн', 'fasad-glass-sunshine.jpg', 'Фасад из стекла цвет Саншайн', 0, '2017-10-06 15:25:36', 13),
(91, 'Смоль', 'Фасад из стекла цвет Смоль', 'fasad-glass-smol.jpg', 'Фасад из стекла цвет Смоль', 0, '2017-10-06 15:25:36', 3),
(92, 'Миндаль', 'Фасад из стекла цвет Миндаль', 'fasad-glass-mindal.jpg', 'Фасад из стекла цвет Миндаль', 0, '2017-10-06 15:25:36', 4),
(93, 'Каштан', 'Фасад из стекла цвет Каштан', 'fasad-glass-kashtan.jpg', 'Фасад из стекла цвет Каштан', 0, '2017-10-06 15:25:36', 5),
(94, 'Изумруд', 'Фасад из стекла цвет Изумруд', 'fasad-glass-izumrud.jpg', 'Фасад из стекла цвет Изумруд', 0, '2017-10-06 15:25:36', 6),
(95, 'Гавана', 'Фасад из стекла цвет Гавана', 'fasad-glass-gavana.jpg', 'Фасад из стекла цвет Гавана', 0, '2017-10-06 15:25:36', 7),
(96, 'Алый', 'Фасад из стекла цвет Алый', 'fasad-glass-alyi.jpg', 'Фасад из стекла цвет Алый', 0, '2017-10-06 15:25:36', 8),
(97, 'Аква', 'Фасад из стекла цвет Аква', 'fasad-glass-akva.jpg', 'Фасад из стекла цвет Аква', 0, '2017-10-06 15:25:36', 1),
(98, 'Золото', 'Фасад/корпус ДСП цвет Золото', 'fasad-dsp-zoloto.jpg', 'Фасад/корпус ДСП цвет Золото', 0, '2017-10-06 15:25:36', 2),
(99, 'Верба', 'Фасад/корпус ДСП цвет Верба', 'fasad-dsp-verba.jpg', 'Фасад/корпус ДСП цвет Верба', 0, '2017-10-06 15:25:36', 3),
(100, 'Сантана', 'Фасад/корпус ДСП цвет Сантана', 'fasad-dsp-santana.jpg', 'Фасад/корпус ДСП цвет Сантана', 0, '2017-10-06 15:25:36', 4),
(101, 'Самшит', 'Фасад/корпус ДСП цвет Самшит', 'fasad-dsp-samshit.jpg', 'Фасад/корпус ДСП цвет Самшит', 0, '2017-10-06 15:25:36', 5),
(102, 'Рустикаль', 'Фасад/корпус ДСП цвет Рустикаль', 'fasad-dsp-rustikal.jpg', 'Фасад/корпус ДСП цвет Рустикаль', 0, '2017-10-06 15:25:36', 6),
(103, 'Платина', 'Фасад/корпус ДСП цвет Платина', 'fasad-dsp-platina.jpg', 'Фасад/корпус ДСП цвет Платина', 0, '2017-10-06 15:25:36', 7),
(104, 'Пихта', 'Фасад/корпус ДСП цвет Пихта', 'fasad-dsp-pihta.jpg', 'Фасад/корпус ДСП цвет Пихта', 0, '2017-10-06 15:25:36', 8),
(105, 'Пепел', 'Фасад/корпус ДСП цвет Пепел', 'fasad-dsp-pepel.jpg', 'Фасад/корпус ДСП цвет Пепел', 0, '2017-10-06 15:25:36', 9),
(106, 'Орех', 'Фасад/корпус ДСП цвет Орех', 'fasad-dsp-oreh.jpg', 'Фасад/корпус ДСП цвет Орех', 0, '2017-10-06 15:25:36', 10),
(107, 'Негро', 'Фасад/корпус ДСП цвет Негро', 'fasad-dsp-negro.jpg', 'Фасад/корпус ДСП цвет Негро', 0, '2017-10-06 15:25:36', 11),
(108, 'Марино', 'Фасад/корпус ДСП цвет Марино', 'fasad-dsp-marino.jpg', 'Фасад/корпус ДСП цвет Марино', 0, '2017-10-06 15:25:36', 12),
(109, 'Магия', 'Фасад/корпус ДСП цвет Магия', 'fasad-dsp-magija.jpg', 'Фасад/корпус ДСП цвет Магия', 0, '2017-10-06 15:25:36', 13),
(110, 'Лиственница', 'Фасад/корпус ДСП цвет Лиственница', 'fasad-dsp-listvennitsa.jpg', 'Фасад/корпус ДСП цвет Лиственница', 0, '2017-10-06 15:25:36', 1),
(111, 'Легно табак', 'Фасад/корпус ДСП цвет Легно табак', 'fasad-dsp-legnotabak.jpg', 'Фасад/корпус ДСП цвет Легно табак', 0, '2017-10-06 15:25:36', 2),
(112, 'Легно светлый', 'Фасад/корпус ДСП цвет Легно светлый', 'fasad-dsp-legnosvetlyj.jpg', 'Фасад/корпус ДСП цвет Легно светлый', 0, '2017-10-06 15:25:36', 3),
(113, 'Крем', 'Фасад/корпус ДСП цвет Крем', 'fasad-dsp-krem.jpg', 'Фасад/корпус ДСП цвет Крем', 0, '2017-10-06 15:25:36', 4),
(114, 'Кордия', 'Фасад/корпус ДСП цвет Кордия', 'fasad-dsp-kordija.jpg', 'Фасад/корпус ДСП цвет Кордия', 0, '2017-10-06 15:25:36', 5),
(115, 'Клен', 'Фасад/корпус ДСП цвет Клен', 'fasad-dsp-klen.jpg', 'Фасад/корпус ДСП цвет Клен', 0, '2017-10-06 15:25:36', 6),
(116, 'Груша', 'Фасад/корпус ДСП цвет Груша', 'fasad-dsp-grusha.jpg', 'Фасад/корпус ДСП цвет Груша', 0, '2017-10-06 15:25:36', 7),
(117, 'Графит', 'Фасад/корпус ДСП цвет Графит', 'fasad-dsp-grafit.jpg', 'Фасад/корпус ДСП цвет Графит', 0, '2017-10-06 15:25:36', 8),
(118, 'Гасиенда', 'Фасад/корпус ДСП цвет Гасиенда', 'fasad-dsp-gasienda.jpg', 'Фасад/корпус ДСП цвет Гасиенда', 0, '2017-10-06 15:25:36', 9),
(119, 'Черешня', 'Фасад/корпус ДСП цвет Черешня', 'fasad-dsp-chereshnia.jpg', 'Фасад/корпус ДСП цвет Черешня', 0, '2017-10-06 15:25:36', 10),
(120, 'Белый премиум', 'Фасад/корпус ДСП цвет Белый премиум', 'fasad-dsp-belyipremium.jpg', 'Фасад/корпус ДСП цвет Белый премиум', 0, '2017-10-06 15:25:36', 11),
(121, 'Белое дерево', 'Фасад/корпус ДСП цвет Белое дерево', 'fasad-dsp-beloederevo.jpg', 'Фасад/корпус ДСП цвет Белое дерево', 0, '2017-10-06 15:25:36', 12),
(122, 'Алюминий', 'Фасад/корпус ДСП цвет Алюминий', 'fasad-dsp-aluminij.jpg', 'Фасад/корпус ДСП цвет Алюминий', 0, '2017-10-06 15:25:36', 13),
(123, 'Акация', 'Фасад/корпус ДСП цвет Акация', 'fasad-dsp-akatsia.jpg', 'Фасад/корпус ДСП цвет Акация', 0, '2017-10-06 15:25:36', 3),
(124, 'Зебрано темный', 'Фасад из акрила цвет Зебрано темный', 'fasad-acryl-zebranotemnyi.jpg', 'Фасад из акрила цвет Зебрано темный', 0, '2017-10-06 15:25:36', 4),
(125, 'Зебрано светлый', 'Фасад из акрила цвет Зебрано светлый', 'fasad-acryl-zebranosvetlyi.jpg', 'Фасад из акрила цвет Зебрано светлый', 0, '2017-10-06 15:25:36', 5),
(126, 'Вишня', 'Фасад из акрила цвет Вишня', 'fasad-acryl-vishnia.jpg', 'Фасад из акрила цвет Вишня', 0, '2017-10-06 15:25:36', 6),
(127, 'Винил', 'Фасад из акрила цвет Винил', 'fasad-acryl-vinyl.jpg', 'Фасад из акрила цвет Винил', 0, '2017-10-06 15:25:36', 7),
(128, 'Уголь металлик', 'Фасад из акрила цвет Уголь металлик', 'fasad-acryl-ugolmetallik.jpg', 'Фасад из акрила цвет Уголь металлик', 0, '2017-10-06 15:25:36', 8),
(129, 'Трюфель', 'Фасад из акрила цвет Трюфель', 'fasad-acryl-trufel.jpg', 'Фасад из акрила цвет Трюфель', 0, '2017-10-06 15:25:36', 1),
(130, 'Тальк', 'Фасад из акрила цвет Тальк', 'fasad-acryl-talk.jpg', 'Фасад из акрила цвет Тальк', 0, '2017-10-06 15:25:36', 2),
(131, 'Светлосерый', 'Фасад из акрила цвет Светлосерый', 'fasad-acryl-svetloseryi.jpg', 'Фасад из акрила цвет Светлосерый', 0, '2017-10-06 15:25:36', 3),
(132, 'Сталь', 'Фасад из акрила цвет Сталь', 'fasad-acryl-stal.jpg', 'Фасад из акрила цвет Сталь', 0, '2017-10-06 15:25:36', 4),
(133, 'Сливки', 'Фасад из акрила цвет Сливки', 'fasad-acryl-slivki.jpg', 'Фасад из акрила цвет Сливки', 0, '2017-10-06 15:25:36', 5),
(134, 'Шоколад', 'Фасад из акрила цвет Шоколад', 'fasad-acryl-shokolad.jpg', 'Фасад из акрила цвет Шоколад', 0, '2017-10-06 15:25:36', 6),
(135, 'Шампань металлик', 'Фасад из акрила цвет Шампань металлик', 'fasad-acryl-shampagnemetallik.jpg', 'Фасад из акрила цвет Шампань металлик', 0, '2017-10-06 15:25:36', 7),
(136, 'Сахар', 'Фасад из акрила цвет Сахар', 'fasad-acryl-sahar.jpg', 'Фасад из акрила цвет Сахар', 0, '2017-10-06 15:25:36', 8),
(137, 'Пепел', 'Фасад из акрила цвет Пепел', 'fasad-acryl-pepel.jpg', 'Фасад из акрила цвет Пепел', 0, '2017-10-06 15:25:36', 9),
(138, 'Облепиха', 'Фасад из акрила цвет Облепиха', 'fasad-acryl-oblepiha.jpg', 'Фасад из акрила цвет Облепиха', 0, '2017-10-06 15:25:36', 10),
(139, 'Какао', 'Фасад из акрила цвет Какао', 'fasad-acryl-kakao.jpg', 'Фасад из акрила цвет Какао', 0, '2017-10-06 15:25:36', 11),
(140, 'Грифель металлик', 'Фасад из акрила цвет Грифель металлик', 'fasad-acryl-griffelmetallik.jpg', 'Фасад из акрила цвет Грифель металлик', 0, '2017-10-06 15:25:36', 12),
(141, 'Графит', 'Фасад из акрила цвет Графит', 'fasad-acryl-graphite.jpg', 'Фасад из акрила цвет Графит', 0, '2017-10-06 15:25:36', 13),
(142, 'Гранат', 'Фасад из акрила цвет Гранат', 'fasad-acryl-granat.jpg', 'Фасад из акрила цвет Гранат', 0, '2017-10-06 15:25:36', 1),
(143, 'Фиолет', 'Фасад из акрила цвет Фиолет', 'fasad-acryl-fiolet.jpg', 'Фасад из акрила цвет Фиолет', 0, '2017-10-06 15:25:36', 2),
(144, 'Ежевика', 'Фасад из акрила цвет Ежевика', 'fasad-acryl-ezhevika.jpg', 'Фасад из акрила цвет Ежевика', 0, '2017-10-06 15:25:36', 3),
(145, 'Бордо', 'Фасад из акрила цвет Бордо', 'fasad-acryl-bordo.jpg', 'Фасад из акрила цвет Бордо', 0, '2017-10-06 15:25:36', 4),
(146, 'Белый', 'Фасад из акрила цвет Белый', 'fasad-acryl-belyi.jpg', 'Фасад из акрила цвет Белый', 0, '2017-10-06 15:25:36', 5),
(147, 'art', 'art', 'art', 'art', 1024, '2017-11-08 17:21:59', 1),
(1000, 'Подходящих фасадов нету', 'Подходящих фасадов нету', 'no_image.jpg', 'Подходящих фасадов нету', 1024, '2017-11-09 11:13:38', NULL);


INSERT INTO `fasad_type` (`id`, `id_kuhni_material`, `imageName`, `imageSize`, `updated`, `name`, `title`, `alt`) VALUES
(1, 1, 'fasad-massiv-101.jpg', 1024, '2017-10-06 15:25:36', '101', 'Фасад массив цвет 101 — Бежевая патина', 'Фасад массив цвет 101 — Бежевая патина'),
(2, 2, 'fasad-massiv-102.jpg', 1024, '2017-10-06 15:25:36', '102', 'Фасад массив цвет 102 — Черная патина', 'Фасад массив цвет 102 — Черная патина'),
(3, 3, 'fasad-massiv-106.jpg', 1024, '2017-10-06 15:25:36', '106', 'Фасад массив цвет 106 — Черная патина', 'Фасад массив цвет 106 — Черная патина'),
(4, 4, 'fasad-massiv-109.jpg', 1024, '2017-10-06 15:25:36', '109', 'Фасад массив цвет 109 — Черная патина', 'Фасад массив цвет 109 — Черная патина'),
(5, 5, 'fasad-massiv-110.jpg', 1024, '2017-10-06 15:25:36', '110', 'Фасад массив цвет 110 — Бежевая патина', 'Фасад массив цвет 110 — Бежевая патина'),
(6, 6, 'fasad-massiv-111.jpg', 1024, '2017-10-06 15:25:36', '111*', 'Фасад массив цвет 111 — Черная патина (кроме ольхи)', 'Фасад массив цвет 111 — Черная патина (кроме ольхи)'),
(7, 7, 'fasad-massiv-112.jpg', 1024, '2017-10-06 15:25:36', '112', 'Фасад массив цвет 112 — Рыжая патина', 'Фасад массив цвет 112 — Рыжая патина'),
(8, 8, 'fasad-massiv-112-2.jpg', 1024, '2017-10-06 15:25:36', '112', 'Фасад массив цвет 112 — Патина X109', 'Фасад массив цвет 112 — Патина X109'),
(9, 9, 'fasad-massiv-113.jpg', 1024, '2017-10-06 15:25:36', '113', 'Фасад массив цвет 113 — Черная патина', 'Фасад массив цвет 113 — Черная патина'),
(10, 10, 'fasad-massiv-114.jpg', 1024, '2017-10-06 15:25:36', '114*', 'Фасад массив цвет 114 — Патина серебро (кроме ольхи)', 'Фасад массив цвет 114 — Патина серебро (кроме ольхи)'),
(11, 11, 'fasad-massiv-115.jpg', 1024, '2017-10-06 15:25:36', '115', 'Фасад массив цвет 115 — Золотая патина', 'Фасад массив цвет 115 — Золотая патина'),
(12, 12, 'fasad-massiv-116.jpg', 1024, '2017-10-06 15:25:36', '116', 'Фасад массив цвет 116 — Золотая патина', 'Фасад массив цвет 116 — Золотая патина'),
(13, 13, 'fasad-massiv-117.jpg', 1024, '2017-10-06 15:25:36', '117', 'Фасад массив цвет 117 — Бежевая патина', 'Фасад массив цвет 117 — Бежевая патина'),
(14, 1, 'fasad-massiv-118.jpg', 1024, '2017-10-06 15:25:36', '118', 'Фасад массив цвет 118 — Патина серебро', 'Фасад массив цвет 118 — Патина серебро'),
(15, 2, 'fasad-massiv-120.jpg', 1024, '2017-10-06 15:25:36', '120', 'Фасад массив цвет 120', 'Фасад массив цвет 120'),
(16, 3, 'fasad-massiv-121.jpg', 1024, '2017-10-06 15:25:36', '121', 'Фасад массив цвет 121', 'Фасад массив цвет 121'),
(17, 4, 'fasad-massiv-122.jpg', 1024, '2017-10-06 15:25:36', '122', 'Фасад массив цвет 122 — Белая патина', 'Фасад массив цвет 122 — Белая патина'),
(18, 5, 'fasad-massiv-123.jpg', 1024, '2017-10-06 15:25:36', '123', 'Фасад массив цвет 123 — Черная патина', 'Фасад массив цвет 123 — Черная патина'),
(19, 6, 'fasad-massiv-124.jpg', 1024, '2017-10-06 15:25:36', '124', 'Фасад массив цвет 124', 'Фасад массив цвет 124'),
(20, 7, 'fasad-massiv-125.jpg', 1024, '2017-10-06 15:25:36', '125', 'Фасад массив цвет 125', 'Фасад массив цвет 125'),
(21, 8, 'fasad-massiv-126.jpg', 1024, '2017-10-06 15:25:36', '126', 'Фасад массив цвет 126 — Золотая патина', 'Фасад массив цвет 126 — Золотая патина'),
(22, 9, 'fasad-massiv-127.jpg', 1024, '2017-10-06 15:25:36', '127', 'Фасад массив цвет 127 — Черная патина', 'Фасад массив цвет 127 — Черная патина'),
(23, 10, 'fasad-massiv-128.jpg', 1024, '2017-10-06 15:25:36', '128', 'Фасад массив цвет 128 — Черная патина', 'Фасад массив цвет 128 — Черная патина'),
(24, 11, 'fasad-massiv-129.jpg', 1024, '2017-10-06 15:25:36', '129', 'Фасад массив цвет 129 — Патина серебро', 'Фасад массив цвет 129 — Патина серебро'),
(25, 12, 'fasad-massiv-130.jpg', 1024, '2017-10-06 15:25:36', '130', 'Фасад массив цвет 130 — Черная патина', 'Фасад массив цвет 130 — Черная патина'),
(26, 13, 'fasad-massiv-131.jpg', 1024, '2017-10-06 15:25:36', '131', 'Фасад массив цвет 131 — Патина шоколад', 'Фасад массив цвет 131 — Патина шоколад'),
(27, 3, 'fasad-massiv-132.jpg', 1024, '2017-10-06 15:25:36', '132', 'Фасад массив цвет 132 — Патина шоколад', 'Фасад массив цвет 132 — Патина шоколад'),
(28, 4, 'fasad-massiv-133.jpg', 1024, '2017-10-06 15:25:36', '133', 'Фасад массив цвет 133 — Золотая патина', 'Фасад массив цвет 133 — Золотая патина'),
(29, 5, 'fasad-massiv-134.jpg', 1024, '2017-10-06 15:25:36', '134', 'Фасад массив цвет 134 — Черная патина', 'Фасад массив цвет 134 — Черная патина'),
(30, 6, 'fasad-massiv-135.jpg', 1024, '2017-10-06 15:25:36', '135 (F167)', 'Фасад массив цвет 135 (F167) — Патина графит', 'Фасад массив цвет 135 (F167) — Патина графит'),
(31, 7, 'fasad-massiv-136.jpg', 1024, '2017-10-06 15:25:36', '136 (S052)', 'Фасад массив цвет 136 (S052) — Патина X109', 'Фасад массив цвет 136 (S052) — Патина X109'),
(32, 8, 'fasad-massiv-137.jpg', 1024, '2017-10-06 15:25:36', '137 (N031)', 'Фасад массив цвет 137 (N031) — Золотая патина лак глянец 50', 'Фасад массив цвет 137 (N031) — Золотая патина лак глянец 50'),
(33, 1, 'fasad-acryl-zebranosvetlyi.jpg', 1024, '2017-10-06 15:25:36', 'Зебрано светлый', 'Фасад из акрила цвет Зебрано светлый', 'Фасад из акрила цвет Зебрано светлый'),
(34, 2, 'fasad-acryl-vishnia.jpg', 1024, '2017-10-06 15:25:36', 'Вишня', 'Фасад из акрила цвет Вишня', 'Фасад из акрила цвет Вишня'),
(35, 3, 'fasad-acryl-vinyl.jpg', 1024, '2017-10-06 15:25:36', 'Винил', 'Фасад из акрила цвет Винил', 'Фасад из акрила цвет Винил'),
(36, 4, 'fasad-acryl-ugolmetallik.jpg', 1024, '2017-10-06 15:25:36', 'Уголь металлик', 'Фасад из акрила цвет Уголь металлик', 'Фасад из акрила цвет Уголь металлик'),
(37, 5, 'fasad-acryl-trufel.jpg', 1024, '2017-10-06 15:25:36', 'Трюфель', 'Фасад из акрила цвет Трюфель', 'Фасад из акрила цвет Трюфель'),
(38, 6, 'fasad-acryl-talk.jpg', 1024, '2017-10-06 15:25:36', 'Тальк', 'Фасад из акрила цвет Тальк', 'Фасад из акрила цвет Тальк'),
(39, 7, 'fasad-acryl-svetloseryi.jpg', 1024, '2017-10-06 15:25:36', 'Светлосерый', 'Фасад из акрила цвет Светлосерый', 'Фасад из акрила цвет Светлосерый'),
(40, 8, 'fasad-acryl-stal.jpg', 1024, '2017-10-06 15:25:36', 'Сталь', 'Фасад из акрила цвет Сталь', 'Фасад из акрила цвет Сталь'),
(41, 9, 'fasad-acryl-slivki.jpg', 1024, '2017-10-06 15:25:36', 'Сливки', 'Фасад из акрила цвет Сливки', 'Фасад из акрила цвет Сливки'),
(42, 10, 'fasad-acryl-shokolad.jpg', 1024, '2017-10-06 15:25:36', 'Шоколад', 'Фасад из акрила цвет Шоколад', 'Фасад из акрила цвет Шоколад'),
(43, 11, 'fasad-acryl-shampagnemetallik.jpg', 1024, '2017-10-06 15:25:36', 'Шампань металлик', 'Фасад из акрила цвет Шампань металлик', 'Фасад из акрила цвет Шампань металлик'),
(44, 12, 'fasad-acryl-sahar.jpg', 1024, '2017-10-06 15:25:36', 'Сахар', 'Фасад из акрила цвет Сахар', 'Фасад из акрила цвет Сахар'),
(45, 13, 'fasad-acryl-pepel.jpg', 1024, '2017-10-06 15:25:36', 'Пепел', 'Фасад из акрила цвет Пепел', 'Фасад из акрила цвет Пепел'),
(46, 1, 'fasad-acryl-oblepiha.jpg', 1024, '2017-10-06 15:25:36', 'Облепиха', 'Фасад из акрила цвет Облепиха', 'Фасад из акрила цвет Облепиха'),
(47, 2, 'fasad-acryl-kakao.jpg', 1024, '2017-10-06 15:25:36', 'Какао', 'Фасад из акрила цвет Какао', 'Фасад из акрила цвет Какао'),
(48, 3, 'fasad-acryl-griffelmetallik.jpg', 1024, '2017-10-06 15:25:36', 'Грифель металлик', 'Фасад из акрила цвет Грифель металлик', 'Фасад из акрила цвет Грифель металлик'),
(49, 4, 'fasad-acryl-graphite.jpg', 1024, '2017-10-06 15:25:36', 'Графит', 'Фасад из акрила цвет Графит', 'Фасад из акрила цвет Графит'),
(50, 5, 'fasad-acryl-granat.jpg', 1024, '2017-10-06 15:25:36', 'Гранат', 'Фасад из акрила цвет Гранат', 'Фасад из акрила цвет Гранат'),
(51, 6, 'fasad-acryl-fiolet.jpg', 1024, '2017-10-06 15:25:36', 'Фиолет', 'Фасад из акрила цвет Фиолет', 'Фасад из акрила цвет Фиолет'),
(52, 7, 'fasad-acryl-ezhevika.jpg', 1024, '2017-10-06 15:25:36', 'Ежевика', 'Фасад из акрила цвет Ежевика', 'Фасад из акрила цвет Ежевика'),
(53, 8, 'fasad-acryl-bordo.jpg', 1024, '2017-10-06 15:25:36', 'Бордо', 'Фасад из акрила цвет Бордо', 'Фасад из акрила цвет Бордо'),
(54, 9, 'fasad-acryl-belyi.jpg', 1024, '2017-10-06 15:25:36', 'Белый', 'Фасад из акрила цвет Белый', 'Фасад из акрила цвет Белый'),
(55, 10, 'fasad-plastic-zheltyi.jpg', 1024, '2017-10-06 15:25:36', 'Желтый', 'Фасад из пластика цвет Желтый', 'Фасад из пластика цвет Желтый'),
(56, 11, 'fasad-plastic-zelenyi.jpg', 1024, '2017-10-06 15:25:36', 'Зеленый', 'Фасад из пластика цвет Зеленый', 'Фасад из пластика цвет Зеленый'),
(57, 12, 'fasad-plastic-tuia.jpg', 1024, '2017-10-06 15:25:36', 'Туя', 'Фасад из пластика цвет Туя', 'Фасад из пластика цвет Туя'),
(58, 13, 'fasad-plastic-storm.jpg', 1024, '2017-10-06 15:25:36', 'Шторм', 'Фасад из пластика цвет Шторм', 'Фасад из пластика цвет Шторм'),
(59, 3, 'fasad-plastic-snezhnyi.jpg', 1024, '2017-10-06 15:25:36', 'Снежный', 'Фасад из пластика цвет Снежный', 'Фасад из пластика цвет Снежный'),
(60, 4, 'fasad-plastic-silk.jpg', 1024, '2017-10-06 15:25:36', 'Шелк', 'Фасад из пластика цвет Шелк', 'Фасад из пластика цвет Шелк'),
(61, 5, 'fasad-plastic-seryiperlamutr.jpg', 1024, '2017-10-06 15:25:36', 'Серый перламутр', 'Фасад из пластика цвет Серый перламутр', 'Фасад из пластика цвет Серый перламутр'),
(62, 6, 'fasad-plastic-seryi.jpg', 1024, '2017-10-06 15:25:36', 'Серый', 'Фасад из пластика цвет Серый', 'Фасад из пластика цвет Серый'),
(63, 7, 'fasad-plastic-salatovyi.jpg', 1024, '2017-10-06 15:25:36', 'Салатовый', 'Фасад из пластика цвет Салатовый', 'Фасад из пластика цвет Салатовый'),
(64, 8, 'fasad-plastic-polosatyidub.jpg', 1024, '2017-10-06 15:25:36', 'Полосатый дуб', 'Фасад из пластика цвет Полосатый дуб', 'Фасад из пластика цвет Полосатый дуб'),
(65, 1, 'fasad-plastic-nuga.jpg', 1024, '2017-10-06 15:25:36', 'Нуга', 'Фасад из пластика цвет Нуга', 'Фасад из пластика цвет Нуга'),
(66, 2, 'fasad-plastic-noch.jpg', 1024, '2017-10-06 15:25:36', 'Ночь', 'Фасад из пластика цвет Ночь', 'Фасад из пластика цвет Ночь'),
(67, 3, 'fasad-plastic-morenyidub.jpg', 1024, '2017-10-06 15:25:36', 'Мореный дуб', 'Фасад из пластика цвет Мореный дуб', 'Фасад из пластика цвет Мореный дуб'),
(68, 4, 'fasad-plastic-mint.jpg', 1024, '2017-10-06 15:25:36', 'Мята', 'Фасад из пластика цвет Мята', 'Фасад из пластика цвет Мята'),
(69, 5, 'fasad-plastic-med.jpg', 1024, '2017-10-06 15:25:36', 'Медь перламутр', 'Фасад из пластика цвет Медь перламутр', 'Фасад из пластика цвет Медь перламутр'),
(70, 6, 'fasad-plastic-mahon.jpg', 1024, '2017-10-06 15:25:36', 'Махонь', 'Фасад из пластика цвет Махонь', 'Фасад из пластика цвет Махонь'),
(71, 7, 'fasad-plastic-lotoschernyi.jpg', 1024, '2017-10-06 15:25:36', 'Лотос черный', 'Фасад из пластика цвет Лотос черный', 'Фасад из пластика цвет Лотос черный'),
(72, 8, 'fasad-plastic-lotosbelyi.jpg', 1024, '2017-10-06 15:25:36', 'Лотос белый', 'Фасад из пластика цвет Лотос белый', 'Фасад из пластика цвет Лотос белый'),
(73, 9, 'fasad-plastic-krem.jpg', 1024, '2017-10-06 15:25:36', 'Крем перламутр', 'Фасад из пластика цвет Крем перламутр', 'Фасад из пластика цвет Крем перламутр'),
(74, 10, 'fasad-plastic-krasnyi.jpg', 1024, '2017-10-06 15:25:36', 'Красный', 'Фасад из пластика цвет Красный', 'Фасад из пластика цвет Красный'),
(75, 11, 'fasad-plastic-koritsa.jpg', 1024, '2017-10-06 15:25:36', 'Корица', 'Фасад из пластика цвет Корица', 'Фасад из пластика цвет Корица'),
(76, 12, 'fasad-plastic-kofe.jpg', 1024, '2017-10-06 15:25:36', 'Кофе', 'Фасад из пластика цвет Кофе', 'Фасад из пластика цвет Кофе'),
(77, 13, 'fasad-plastic-kapuchino.jpg', 1024, '2017-10-06 15:25:36', 'Капучино', 'Фасад из пластика цвет Капучино', 'Фасад из пластика цвет Капучино'),
(78, 1, 'fasad-plastic-iva.jpg', 1024, '2017-10-06 15:25:36', 'Ива', 'Фасад из пластика цвет Ива', 'Фасад из пластика цвет Ива'),
(79, 2, 'fasad-plastic-haki.jpg', 1024, '2017-10-06 15:25:36', 'Хаки', 'Фасад из пластика цвет Хаки', 'Фасад из пластика цвет Хаки'),
(80, 3, 'fasad-plastic-fialka.jpg', 1024, '2017-10-06 15:25:36', 'Фиалка', 'Фасад из пластика цвет Фиалка', 'Фасад из пластика цвет Фиалка'),
(81, 4, 'fasad-plastic-citrus.jpg', 1024, '2017-10-06 15:25:36', 'Цитрус', 'Фасад из пластика цвет Цитрус', 'Фасад из пластика цвет Цитрус'),
(82, 5, 'fasad-plastic-biruzovyi.jpg', 1024, '2017-10-06 15:25:36', 'Бирюзовый', 'Фасад из пластика цвет Бирюзовый', 'Фасад из пластика цвет Бирюзовый'),
(83, 6, 'fasad-plastic-bezhevyi.jpg', 1024, '2017-10-06 15:25:36', 'Бежевый', 'Фасад из пластика цвет Бежевый', 'Фасад из пластика цвет Бежевый'),
(84, 7, 'fasad-plastic-baklazhan.jpg', 1024, '2017-10-06 15:25:36', 'Баклажан', 'Фасад из пластика цвет Баклажан', 'Фасад из пластика цвет Баклажан'),
(85, 8, 'fasad-plastic-arcticbelyi.jpg', 1024, '2017-10-06 15:25:36', 'Арктик белый', 'Фасад из пластика цвет Арктик белый', 'Фасад из пластика цвет Арктик белый'),
(86, 9, 'fasad-plastic-apelsin.jpg', 1024, '2017-10-06 15:25:36', 'Апельсин', 'Фасад из пластика цвет Апельсин', 'Фасад из пластика цвет Апельсин'),
(87, 10, 'fasad-plastic-antratsit.jpg', 1024, '2017-10-06 15:25:36', 'Антрацит перламутр', 'Фасад из пластика цвет Антрацит перламутр', 'Фасад из пластика цвет Антрацит перламутр'),
(88, 11, 'fasad-glass-zhemchug.jpg', 1024, '2017-10-06 15:25:36', 'Жемчуг', 'Фасад из стекла цвет Жемчуг', 'Фасад из стекла цвет Жемчуг'),
(89, 12, 'fasad-glass-ultrabelyi.jpg', 1024, '2017-10-06 15:25:36', 'Ультрабелый', 'Фасад из стекла цвет Ультрабелый', 'Фасад из стекла цвет Ультрабелый'),
(90, 13, 'fasad-glass-sunshine.jpg', 1024, '2017-10-06 15:25:36', 'Саншайн', 'Фасад из стекла цвет Саншайн', 'Фасад из стекла цвет Саншайн'),
(91, 3, 'fasad-glass-smol.jpg', 1024, '2017-10-06 15:25:36', 'Смоль', 'Фасад из стекла цвет Смоль', 'Фасад из стекла цвет Смоль'),
(92, 4, 'fasad-glass-mindal.jpg', 1024, '2017-10-06 15:25:36', 'Миндаль', 'Фасад из стекла цвет Миндаль', 'Фасад из стекла цвет Миндаль'),
(93, 5, 'fasad-glass-kashtan.jpg', 1024, '2017-10-06 15:25:36', 'Каштан', 'Фасад из стекла цвет Каштан', 'Фасад из стекла цвет Каштан'),
(94, 6, 'fasad-glass-izumrud.jpg', 1024, '2017-10-06 15:25:36', 'Изумруд', 'Фасад из стекла цвет Изумруд', 'Фасад из стекла цвет Изумруд'),
(95, 7, 'fasad-glass-gavana.jpg', 1024, '2017-10-06 15:25:36', 'Гавана', 'Фасад из стекла цвет Гавана', 'Фасад из стекла цвет Гавана'),
(96, 8, 'fasad-glass-alyi.jpg', 1024, '2017-10-06 15:25:36', 'Алый', 'Фасад из стекла цвет Алый', 'Фасад из стекла цвет Алый'),
(97, 1, 'fasad-glass-akva.jpg', 1024, '2017-10-06 15:25:36', 'Аква', 'Фасад из стекла цвет Аква', 'Фасад из стекла цвет Аква'),
(98, 2, 'fasad-dsp-zoloto.jpg', 1024, '2017-10-06 15:25:36', 'Золото', 'Фасад/корпус ДСП цвет Золото', 'Фасад/корпус ДСП цвет Золото'),
(99, 3, 'fasad-dsp-verba.jpg', 1024, '2017-10-06 15:25:36', 'Верба', 'Фасад/корпус ДСП цвет Верба', 'Фасад/корпус ДСП цвет Верба'),
(100, 4, 'fasad-dsp-santana.jpg', 1024, '2017-10-06 15:25:36', 'Сантана', 'Фасад/корпус ДСП цвет Сантана', 'Фасад/корпус ДСП цвет Сантана'),
(101, 5, 'fasad-dsp-samshit.jpg', 1024, '2017-10-06 15:25:36', 'Самшит', 'Фасад/корпус ДСП цвет Самшит', 'Фасад/корпус ДСП цвет Самшит'),
(102, 6, 'fasad-dsp-rustikal.jpg', 1024, '2017-10-06 15:25:36', 'Рустикаль', 'Фасад/корпус ДСП цвет Рустикаль', 'Фасад/корпус ДСП цвет Рустикаль'),
(103, 7, 'fasad-dsp-platina.jpg', 1024, '2017-10-06 15:25:36', 'Платина', 'Фасад/корпус ДСП цвет Платина', 'Фасад/корпус ДСП цвет Платина'),
(104, 8, 'fasad-dsp-pihta.jpg', 1024, '2017-10-06 15:25:36', 'Пихта', 'Фасад/корпус ДСП цвет Пихта', 'Фасад/корпус ДСП цвет Пихта'),
(105, 9, 'fasad-dsp-pepel.jpg', 1024, '2017-10-06 15:25:36', 'Пепел', 'Фасад/корпус ДСП цвет Пепел', 'Фасад/корпус ДСП цвет Пепел'),
(106, 10, 'fasad-dsp-oreh.jpg', 1024, '2017-10-06 15:25:36', 'Орех', 'Фасад/корпус ДСП цвет Орех', 'Фасад/корпус ДСП цвет Орех'),
(107, 11, 'fasad-dsp-negro.jpg', 1024, '2017-10-06 15:25:36', 'Негро', 'Фасад/корпус ДСП цвет Негро', 'Фасад/корпус ДСП цвет Негро'),
(108, 12, 'fasad-dsp-marino.jpg', 1024, '2017-10-06 15:25:36', 'Марино', 'Фасад/корпус ДСП цвет Марино', 'Фасад/корпус ДСП цвет Марино'),
(109, 13, 'fasad-dsp-magija.jpg', 1024, '2017-10-06 15:25:36', 'Магия', 'Фасад/корпус ДСП цвет Магия', 'Фасад/корпус ДСП цвет Магия'),
(110, 1, 'fasad-dsp-listvennitsa.jpg', 1024, '2017-10-06 15:25:36', 'Лиственница', 'Фасад/корпус ДСП цвет Лиственница', 'Фасад/корпус ДСП цвет Лиственница'),
(111, 2, 'fasad-dsp-legnotabak.jpg', 1024, '2017-10-06 15:25:36', 'Легно табак', 'Фасад/корпус ДСП цвет Легно табак', 'Фасад/корпус ДСП цвет Легно табак'),
(112, 3, 'fasad-dsp-legnosvetlyj.jpg', 1024, '2017-10-06 15:25:36', 'Легно светлый', 'Фасад/корпус ДСП цвет Легно светлый', 'Фасад/корпус ДСП цвет Легно светлый'),
(113, 4, 'fasad-dsp-krem.jpg', 1024, '2017-10-06 15:25:36', 'Крем', 'Фасад/корпус ДСП цвет Крем', 'Фасад/корпус ДСП цвет Крем'),
(114, 5, 'fasad-dsp-kordija.jpg', 1024, '2017-10-06 15:25:36', 'Кордия', 'Фасад/корпус ДСП цвет Кордия', 'Фасад/корпус ДСП цвет Кордия'),
(115, 6, 'fasad-dsp-klen.jpg', 1024, '2017-10-06 15:25:36', 'Клен', 'Фасад/корпус ДСП цвет Клен', 'Фасад/корпус ДСП цвет Клен'),
(116, 7, 'fasad-dsp-grusha.jpg', 1024, '2017-10-06 15:25:36', 'Груша', 'Фасад/корпус ДСП цвет Груша', 'Фасад/корпус ДСП цвет Груша'),
(117, 8, 'fasad-dsp-grafit.jpg', 1024, '2017-10-06 15:25:36', 'Графит', 'Фасад/корпус ДСП цвет Графит', 'Фасад/корпус ДСП цвет Графит'),
(118, 9, 'fasad-dsp-gasienda.jpg', 1024, '2017-10-06 15:25:36', 'Гасиенда', 'Фасад/корпус ДСП цвет Гасиенда', 'Фасад/корпус ДСП цвет Гасиенда'),
(119, 10, 'fasad-dsp-chereshnia.jpg', 1024, '2017-10-06 15:25:36', 'Черешня', 'Фасад/корпус ДСП цвет Черешня', 'Фасад/корпус ДСП цвет Черешня'),
(120, 11, 'fasad-dsp-belyipremium.jpg', 1024, '2017-10-06 15:25:36', 'Белый премиум', 'Фасад/корпус ДСП цвет Белый премиум', 'Фасад/корпус ДСП цвет Белый премиум'),
(121, 12, 'fasad-dsp-beloederevo.jpg', 1024, '2017-10-06 15:25:36', 'Белое дерево', 'Фасад/корпус ДСП цвет Белое дерево', 'Фасад/корпус ДСП цвет Белое дерево'),
(122, 12, 'fasad-dsp-aluminij.jpg', 1024, '2017-10-06 15:25:36', 'Алюминий', 'Фасад/корпус ДСП цвет Алюминий', 'Фасад/корпус ДСП цвет Алюминий'),
(123, 3, 'fasad-dsp-akatsia.jpg', 1024, '2017-10-06 15:25:36', 'Акация', 'Фасад/корпус ДСП цвет Акация', 'Фасад/корпус ДСП цвет Акация'),
(124, 4, 'fasad-acryl-zebranotemnyi.jpg', 1024, '2017-10-06 15:25:36', 'Зебрано темный', 'Фасад из акрила цвет Зебрано темный', 'Фасад из акрила цвет Зебрано темный'),
(125, 5, 'fasad-acryl-zebranosvetlyi.jpg', 1024, '2017-10-06 15:25:36', 'Зебрано светлый', 'Фасад из акрила цвет Зебрано светлый', 'Фасад из акрила цвет Зебрано светлый'),
(126, 6, 'fasad-acryl-vishnia.jpg', 1024, '2017-10-06 15:25:36', 'Вишня', 'Фасад из акрила цвет Вишня', 'Фасад из акрила цвет Вишня'),
(127, 7, 'fasad-acryl-vinyl.jpg', 1024, '2017-10-06 15:25:36', 'Винил', 'Фасад из акрила цвет Винил', 'Фасад из акрила цвет Винил'),
(128, 8, 'fasad-acryl-ugolmetallik.jpg', 1024, '2017-10-06 15:25:36', 'Уголь металлик', 'Фасад из акрила цвет Уголь металлик', 'Фасад из акрила цвет Уголь металлик'),
(129, 1, 'fasad-acryl-trufel.jpg', 1024, '2017-10-06 15:25:36', 'Трюфель', 'Фасад из акрила цвет Трюфель', 'Фасад из акрила цвет Трюфель'),
(130, 2, 'fasad-acryl-talk.jpg', 1024, '2017-10-06 15:25:36', 'Тальк', 'Фасад из акрила цвет Тальк', 'Фасад из акрила цвет Тальк'),
(131, 3, 'fasad-acryl-svetloseryi.jpg', 1024, '2017-10-06 15:25:36', 'Светлосерый', 'Фасад из акрила цвет Светлосерый', 'Фасад из акрила цвет Светлосерый'),
(132, 4, 'fasad-acryl-stal.jpg', 1024, '2017-10-06 15:25:36', 'Сталь', 'Фасад из акрила цвет Сталь', 'Фасад из акрила цвет Сталь'),
(133, 5, 'fasad-acryl-slivki.jpg', 1024, '2017-10-06 15:25:36', 'Сливки', 'Фасад из акрила цвет Сливки', 'Фасад из акрила цвет Сливки'),
(134, 6, 'fasad-acryl-shokolad.jpg', 1024, '2017-10-06 15:25:36', 'Шоколад', 'Фасад из акрила цвет Шоколад', 'Фасад из акрила цвет Шоколад'),
(135, 7, 'fasad-acryl-shampagnemetallik.jpg', 1024, '2017-10-06 15:25:36', 'Шампань металлик', 'Фасад из акрила цвет Шампань металлик', 'Фасад из акрила цвет Шампань металлик'),
(136, 8, 'fasad-acryl-sahar.jpg', 1024, '2017-10-06 15:25:36', 'Сахар', 'Фасад из акрила цвет Сахар', 'Фасад из акрила цвет Сахар'),
(137, 9, 'fasad-acryl-pepel.jpg', 1024, '2017-10-06 15:25:36', 'Пепел', 'Фасад из акрила цвет Пепел', 'Фасад из акрила цвет Пепел'),
(138, 10, 'fasad-acryl-oblepiha.jpg', 1024, '2017-10-06 15:25:36', 'Облепиха', 'Фасад из акрила цвет Облепиха', 'Фасад из акрила цвет Облепиха'),
(139, 11, 'fasad-acryl-kakao.jpg', 1024, '2017-10-06 15:25:36', 'Какао', 'Фасад из акрила цвет Какао', 'Фасад из акрила цвет Какао'),
(140, 12, 'fasad-acryl-griffelmetallik.jpg', 1024, '2017-10-06 15:25:36', 'Грифель металлик', 'Фасад из акрила цвет Грифель металлик', 'Фасад из акрила цвет Грифель металлик'),
(141, 13, 'fasad-acryl-graphite.jpg', 1024, '2017-10-06 15:25:36', 'Графит', 'Фасад из акрила цвет Графит', 'Фасад из акрила цвет Графит'),
(142, 1, 'fasad-acryl-granat.jpg', 1024, '2017-10-06 15:25:36', 'Гранат', 'Фасад из акрила цвет Гранат', 'Фасад из акрила цвет Гранат'),
(143, 2, 'fasad-acryl-fiolet.jpg', 1024, '2017-10-06 15:25:36', 'Фиолет', 'Фасад из акрила цвет Фиолет', 'Фасад из акрила цвет Фиолет'),
(144, 3, 'fasad-acryl-ezhevika.jpg', 1024, '2017-10-06 15:25:36', 'Ежевика', 'Фасад из акрила цвет Ежевика', 'Фасад из акрила цвет Ежевика'),
(145, 4, 'fasad-acryl-bordo.jpg', 1024, '2017-10-06 15:25:36', 'Бордо', 'Фасад из акрила цвет Бордо', 'Фасад из акрила цвет Бордо'),
(146, 5, 'fasad-acryl-belyi.jpg', 1024, '2017-10-06 15:25:36', 'Белый', 'Фасад из акрила цвет Белый', 'Фасад из акрила цвет Белый'),
(147, 3, 'fasad-massiv-106.jpg', 1024, '2017-10-06 15:25:36', '106', 'Фасад массив цвет 106 — Черная патина', 'Фасад массив цвет 106 — Черная патина'),
(148, 4, 'fasad-massiv-109.jpg', 1024, '2017-10-06 15:25:36', '109', 'Фасад массив цвет 109 — Черная патина', 'Фасад массив цвет 109 — Черная патина'),
(149, 5, 'fasad-massiv-110.jpg', 1024, '2017-10-06 15:25:36', '110', 'Фасад массив цвет 110 — Бежевая патина', 'Фасад массив цвет 110 — Бежевая патина'),
(150, 6, 'fasad-massiv-111.jpg', 1024, '2017-10-06 15:25:36', '111*', 'Фасад массив цвет 111 — Черная патина (кроме ольхи)', 'Фасад массив цвет 111 — Черная патина (кроме ольхи)'),
(151, 7, 'fasad-massiv-112.jpg', 1024, '2017-10-06 15:25:36', '112', 'Фасад массив цвет 112 — Рыжая патина', 'Фасад массив цвет 112 — Рыжая патина'),
(152, 8, 'fasad-massiv-112-2.jpg', 1024, '2017-10-06 15:25:36', '112', 'Фасад массив цвет 112 — Патина X109', 'Фасад массив цвет 112 — Патина X109'),
(153, 9, 'fasad-massiv-113.jpg', 1024, '2017-10-06 15:25:36', '113', 'Фасад массив цвет 113 — Черная патина', 'Фасад массив цвет 113 — Черная патина'),
(154, 10, 'fasad-massiv-114.jpg', 1024, '2017-10-06 15:25:36', '114*', 'Фасад массив цвет 114 — Патина серебро (кроме ольхи)', 'Фасад массив цвет 114 — Патина серебро (кроме ольхи)'),
(155, 11, 'fasad-massiv-115.jpg', 1024, '2017-10-06 15:25:36', '115', 'Фасад массив цвет 115 — Золотая патина', 'Фасад массив цвет 115 — Золотая патина'),
(156, 9, 'fasad-acryl-pepel.jpg', 1024, '2017-10-06 15:25:36', 'Пепел', 'Фасад из акрила цвет Пепел', 'Фасад из акрила цвет Пепел'),
(1000, NULL, 'no_image.jpg', 1024, '2017-11-09 11:13:38', 'Подходящих фасадов нету', 'Подходящих фасадов нету', 'Подходящих фасадов нету');

-- --------------------------------------------------------
--
-- Дамп данных таблицы `free_design_project`
--

INSERT INTO `free_design_project` (`id`, `name`, `phone`, `email`, `message`, `geoIP`, `updated`, `imageName`, `imageSize`, `url`, `id_salon`) VALUES
(1, 'Антон Бабич', '+7 (495)123-45-678', 'antosha.1998.ru@mail.ru', '123', 'Не удалось определить координаты посетителя', '2017-10-23 09:52:29', 'fasad-acryl-belyi.jpg', 12366, 'http://kitchen/web/app_dev.php/', NULL),
(2, 'Антон Бабич', '298324405', 'antosha.1998.ru@mail.ru', '4745', 'Не удалось определить координаты посетителя', '2017-10-23 10:44:33', 'fasad-acryl-stal.jpg', 18335, 'http://kitchen/web/app_dev.php/', NULL);

-- --------------------------------------------------------

INSERT INTO `kuhni` (`id`, `id_catalog`, `name`, `title`, `description`, `keywords`, `main_description`, `id_kuhni_style`, `id_kuhni_material`, `id_kuhni_config`, `id_kuhni_color`, `imageName`, `imageSize`, `updated`, `slug`, `price`, `discount`, `fixedPrice`, `razmer`, `nameFasad`, `matFasad`, `stoleshnica`, `korpus`, `furnitura`, `likes`, `count_projects`, `noDiscountPrice`) VALUES
(1, 1, 'alberta', 'alberta', 'alberta', 'alberta', 'alberta', 1, 1, 1, 1, 'alberta_1.jpg', 1024, '2017-10-05 10:13:13', 'alberta', 10200, 15, 1, '280х160см', '	Акрил Како, Акрил Винил', 'Акрил', 'Бежевый гранит 38мм', 'ЛДСП Негро 18мм', 'Hettich, Blum, FGV', 1, 1, 11730),
(2, 1, 'annetta', 'annetta', 'annetta', 'annetta', 'annetta', 2, 2, 2, 2, 'annetta_1.jpg', 1024, '2017-10-05 10:13:13', 'annetta', 10200, 0, 1, '280х160см', '	Акрил Како, Акрил Винил', 'Акрил', 'Бежевый гранит 38мм', 'ЛДСП Негро 18мм', 'Hettich, Blum, FGV', 0, 0, 10200),
(3, 1, 'art', 'art', 'art', 'art', 'art', 3, 3, 3, 3, 'art_1.jpg', 1024, '2017-10-05 10:13:13', 'art', 10200, 15, 0, '280х160см', '	Акрил Како, Акрил Винил', 'Акрил', 'Бежевый гранит 38мм', 'ЛДСП Негро 18мм', 'Hettich, Blum, FGV', 1, 0, 11730),
(4, 1, 'artwood', 'artwood', 'artwood', 'artwood', 'artwood', 4, 4, 4, 4, 'artwood_1.jpg', 1024, '2017-10-05 10:13:13', 'artwood', 10200, 15, 0, '280х160см', '	Акрил Како, Акрил Винил', 'Акрил', 'Бежевый гранит 38мм', 'ЛДСП Негро 18мм', 'Hettich, Blum, FGV', 1, 0, 11730),
(5, 1, 'belfast', 'belfast', 'belfast', 'belfast', 'belfast', 5, 5, 5, 5, 'belfast_1.jpg', 1024, '2017-10-05 10:13:13', 'belfast', 10200, 15, 1, '280х160см', '	Акрил Како, Акрил Винил', 'Акрил', 'Бежевый гранит 38мм', 'ЛДСП Негро 18мм', 'Hettich, Blum, FGV', 1, 0, 11730),
(6, 1, 'bergen', 'bergen', 'bergen', 'bergen', 'bergen', 6, 6, 6, 6, 'bergen_1.jpg', 1024, '2017-10-05 10:13:13', 'bergen', 10200, 15, 1, '280х160см', '	Акрил Како, Акрил Винил', 'Акрил', 'Бежевый гранит 38мм', 'ЛДСП Негро 18мм', 'Hettich, Blum, FGV', 1, 0, 11730),
(7, 1, 'born', 'born', 'born', 'born', 'born', 7, 7, 7, 7, 'born_1.jpg', 1024, '2017-10-05 10:13:13', 'born', 10200, 15, 0, '280х160см', '	Акрил Како, Акрил Винил', 'Акрил', 'Бежевый гранит 38мм', 'ЛДСП Негро 18мм', 'Hettich, Blum, FGV', 1, 0, 11730),
(8, 1, 'brig', 'brig', 'brig', 'brig', 'brig', 8, 8, 1, 8, 'brig_1.jpg', 1024, '2017-10-05 10:13:13', 'brig', 10200, 15, 0, '280х160см', '	Акрил Како, Акрил Винил', 'Акрил', 'Бежевый гранит 38мм', 'ЛДСП Негро 18мм', 'Hettich, Blum, FGV', 0, 0, 11730),
(9, 1, 'brunnen', 'brunnen', 'brunnen', 'brunnen', 'brunnen', 9, 9, 2, 9, 'brunnen_1.jpg', 1024, '2017-10-05 10:13:13', 'brunnen', 10200, 15, 1, '280х160см', '	Акрил Како, Акрил Винил', 'Акрил', 'Бежевый гранит 38мм', 'ЛДСП Негро 18мм', 'Hettich, Blum, FGV', 1, 0, 11730),
(10, 1, 'chicago', 'chicago', 'chicago', 'chicago', 'chicago', 10, 10, 3, 10, 'chicago_1.jpg', 1024, '2017-10-05 10:13:13', 'chicago', 10200, 15, 1, '280х160см', '	Акрил Како, Акрил Винил', 'Акрил', 'Бежевый гранит 38мм', 'ЛДСП Негро 18мм', 'Hettich, Blum, FGV', 1, 0, 11730),
(11, 1, 'fortwood', 'fortwood', 'fortwood', 'fortwood', 'fortwood', 1, 11, 4, 11, 'fortwood_1.jpg', 1024, '2017-10-05 10:13:13', 'fortwood', 10200, 15, 0, '280х160см', '	Акрил Како, Акрил Винил', 'Акрил', 'Бежевый гранит 38мм', 'ЛДСП Негро 18мм', 'Hettich, Blum, FGV', 0, 0, 11730),
(12, 1, 'fortwood_v2', 'fortwood_v2', 'fortwood_v2', 'fortwood_v2', 'fortwood_v2', 2, 12, 5, 12, 'fortwood_v2_1.jpg', 1024, '2017-10-05 10:13:13', 'fortwood_v2', 10200, 15, 0, '280х160см', '	Акрил Како, Акрил Винил', 'Акрил', 'Бежевый гранит 38мм', 'ЛДСП Негро 18мм', 'Hettich, Blum, FGV', 0, 0, 11730),
(13, 1, 'glasgow', 'glasgow', 'glasgow', 'glasgow', 'glasgow', 3, 13, 6, 1, 'glasgow_1.jpg', 1024, '2017-10-05 10:13:13', 'glasgow', 10200, 15, 0, '280х160см', '	Акрил Како, Акрил Винил', 'Акрил', 'Бежевый гранит 38мм', 'ЛДСП Негро 18мм', 'Hettich, Blum, FGV', 0, 0, 11730),
(14, 1, 'hagen', 'hagen', 'hagen', 'hagen', 'hagen', 4, 1, 7, 2, 'hagen_1.jpg', 1024, '2017-10-05 10:13:13', 'hagen', 10200, 15, 0, '280х160см', '	Акрил Како, Акрил Винил', 'Акрил', 'Бежевый гранит 38мм', 'ЛДСП Негро 18мм', 'Hettich, Blum, FGV', 0, 0, 11730),
(15, 1, 'integro_ashes', 'integro_ashes', 'integro_ashes', 'integro_ashes', 'integro_ashes', 5, 2, 1, 3, 'integro-ashes_1.jpg', 1024, '2017-10-05 10:13:13', 'integro_ashes', 10200, 15, 1, '280х160см', '	Акрил Како, Акрил Винил', 'Акрил', 'Бежевый гранит 38мм', 'ЛДСП Негро 18мм', 'Hettich, Blum, FGV', 0, 0, 11730),
(16, 1, 'integro_graphite', 'integro_graphite', 'integro_graphite', 'integro_graphite', 'integro_graphite', 6, 3, 2, 4, 'integro-graphite_1.jpg', 1024, '2017-10-05 10:13:13', 'integro_graphite', 10200, 15, 0, '280х160см', '	Акрил Како, Акрил Винил', 'Акрил', 'Бежевый гранит 38мм', 'ЛДСП Негро 18мм', 'Hettich, Blum, FGV', 0, 0, 11730),
(17, 1, 'leon', 'leon', 'leon', 'leon', 'leon', 7, 4, 3, 5, 'leon_1.jpg', 1024, '2017-10-05 10:13:13', 'leon', 10200, 15, 0, '280х160см', '	Акрил Како, Акрил Винил', 'Акрил', 'Бежевый гранит 38мм', 'ЛДСП Негро 18мм', 'Hettich, Blum, FGV', 0, 0, 11730),
(18, 1, 'linnea', 'linnea', 'linnea', 'linnea', 'linnea', 8, 5, 4, 6, 'linnea_1.jpg', 1024, '2017-10-05 10:13:13', 'linnea', 10200, 15, 1, '280х160см', '	Акрил Како, Акрил Винил', 'Акрил', 'Бежевый гранит 38мм', 'ЛДСП Негро 18мм', 'Hettich, Blum, FGV', 0, 0, 11730),
(19, 1, 'loft', 'loft', 'loft', 'loft', 'loft', 9, 6, 5, 7, 'loft_1.jpg', 1024, '2017-10-05 10:13:13', 'loft', 10200, 15, 0, '280х160см', '	Акрил Како, Акрил Винил', 'Акрил', 'Бежевый гранит 38мм', 'ЛДСП Негро 18мм', 'Hettich, Blum, FGV', 0, 0, 11730),
(20, 1, 'london', 'london', 'london', 'london', 'london', 10, 7, 6, 8, 'london_1.jpg', 1024, '2017-10-05 10:13:13', 'london', 10200, 15, 0, '280х160см', '	Акрил Како, Акрил Винил', 'Акрил', 'Бежевый гранит 38мм', 'ЛДСП Негро 18мм', 'Hettich, Blum, FGV', 0, 0, 11730),
(21, 1, 'longford', 'longford', 'longford', 'longford', 'longford', 1, 8, 7, 9, 'longford_1.jpg', 1024, '2017-10-05 10:13:13', 'longford', 10200, 15, 1, '280х160см', '	Акрил Како, Акрил Винил', 'Акрил', 'Бежевый гранит 38мм', 'ЛДСП Негро 18мм', 'Hettich, Blum, FGV', 0, 0, 11730),
(22, 1, 'lotte', 'lotte', 'lotte', 'lotte', 'lotte', 2, 9, 1, 10, 'lotte_1.jpg', 1024, '2017-10-05 10:13:13', 'lotte', 10200, 15, 0, '280х160см', '	Акрил Како, Акрил Винил', 'Акрил', 'Бежевый гранит 38мм', 'ЛДСП Негро 18мм', 'Hettich, Blum, FGV', 1, 0, 11730),
(23, 1, 'lotte_v2', 'lotte_v2', 'lotte_v2', 'lotte_v2', 'lotte_v2', 3, 10, 2, 11, 'lotte_v2_1.jpg', 1024, '2017-10-05 10:13:13', 'lotte_v2', 10200, 15, 1, '280х160см', '	Акрил Како, Акрил Винил', 'Акрил', 'Бежевый гранит 38мм', 'ЛДСП Негро 18мм', 'Hettich, Blum, FGV', 0, 0, 11730),
(24, 1, 'lugano', 'lugano', 'lugano', 'lugano', 'lugano', 4, 11, 3, 12, 'lugano_1.jpg', 1024, '2017-10-05 10:13:13', 'lugano', 10200, 15, 0, '280х160см', '	Акрил Како, Акрил Винил', 'Акрил', 'Бежевый гранит 38мм', 'ЛДСП Негро 18мм', 'Hettich, Blum, FGV', 1, 0, 11730),
(25, 1, 'madeira', 'madeira', 'madeira', 'madeira', 'madeira', 5, 12, 4, 1, 'madeira_1.jpg', 1024, '2017-10-05 10:13:13', 'madeira', 10200, 15, 0, '280х160см', '	Акрил Како, Акрил Винил', 'Акрил', 'Бежевый гранит 38мм', 'ЛДСП Негро 18мм', 'Hettich, Blum, FGV', 0, 0, 11730),
(26, 1, 'marseille-4', 'marseille-4', 'marseille-4', 'marseille-4', 'marseille-4', 6, 1, 5, 2, 'marseille-4_1.jpg', 1024, '2017-10-05 10:13:13', 'marseille-4', 10200, 15, 1, '280х160см', '	Акрил Како, Акрил Винил', 'Акрил', 'Бежевый гранит 38мм', 'ЛДСП Негро 18мм', 'Hettich, Blum, FGV', 0, 0, 11730),
(27, 1, 'nord', 'nord', 'nord', 'nord', 'nord', 7, 2, 6, 3, 'nord_1.jpg', 1024, '2017-10-05 10:13:13', 'nord', 10200, 15, 0, '280х160см', '	Акрил Како, Акрил Винил', 'Акрил', 'Бежевый гранит 38мм', 'ЛДСП Негро 18мм', 'Hettich, Blum, FGV', 0, 0, 11730),
(28, 1, 'norfolk', 'norfolk', 'norfolk', 'norfolk', 'norfolk', 8, 3, 7, 4, 'norfolk_1.jpg', 1024, '2017-10-05 10:13:13', 'norfolk', 10200, 15, 1, '280х160см', '	Акрил Како, Акрил Винил', 'Акрил', 'Бежевый гранит 38мм', 'ЛДСП Негро 18мм', 'Hettich, Blum, FGV', 0, 0, 11730),
(29, 1, 'oldfin', 'oldfin', 'oldfin', 'oldfin', 'oldfin', 9, 4, 1, 5, 'oldfin_1.jpg', 1024, '2017-10-05 10:13:13', 'oldfin', 10200, 15, 1, '280х160см', '	Акрил Како, Акрил Винил', 'Акрил', 'Бежевый гранит 38мм', 'ЛДСП Негро 18мм', 'Hettich, Blum, FGV', 0, 0, 11730),
(30, 1, 'orion-mat-glossy', 'orion-mat-glossy', 'orion-mat-glossy', 'orion-mat-glossy', 'orion-mat-glossy', 10, 5, 2, 6, 'orion-mat-glossy_1.jpg', 1024, '2017-10-05 10:13:13', 'orion-mat-glossy', 10200, 15, 1, '280х160см', '	Акрил Како, Акрил Винил', 'Акрил', 'Бежевый гранит 38мм', 'ЛДСП Негро 18мм', 'Hettich, Blum, FGV', 1, 0, 11730),
(31, 1, 'orion-olive-grey', 'orion-olive-grey', 'orion-olive-grey', 'orion-olive-grey', 'orion-olive-grey', 9, 6, 3, 7, 'orion-olive-grey_1.jpg', 1024, '2017-10-05 10:13:13', 'orion-olive-grey', 10200, 15, 0, '280х160см', '	Акрил Како, Акрил Винил', 'Акрил', 'Бежевый гранит 38мм', 'ЛДСП Негро 18мм', 'Hettich, Blum, FGV', 0, 0, 11730),
(32, 1, 'palermo', 'palermo', 'palermo', 'palermo', 'palermo', 1, 7, 4, 8, 'palermo_1.jpg', 1024, '2017-10-05 10:13:13', 'palermo', 10200, 15, 0, '280х160см', '	Акрил Како, Акрил Винил', 'Акрил', 'Бежевый гранит 38мм', 'ЛДСП Негро 18мм', 'Hettich, Blum, FGV', 0, 0, 11730),
(33, 1, 'paris', 'paris', 'paris', 'paris', 'paris', 2, 8, 5, 9, 'paris_1.jpg', 1024, '2017-10-05 10:13:13', 'paris', 10200, 15, 0, '280х160см', '	Акрил Како, Акрил Винил', 'Акрил', 'Бежевый гранит 38мм', 'ЛДСП Негро 18мм', 'Hettich, Blum, FGV', 0, 0, 11730),
(34, 1, 'pasadena', 'pasadena', 'pasadena', 'pasadena', 'pasadena', 3, 9, 6, 10, 'pasadena_1.jpg', 1024, '2017-10-05 10:13:13', 'pasadena', 10200, 15, 0, '280х160см', '	Акрил Како, Акрил Винил', 'Акрил', 'Бежевый гранит 38мм', 'ЛДСП Негро 18мм', 'Hettich, Blum, FGV', 1, 0, 11730),
(35, 1, 'portofino', 'portofino', 'portofino', 'portofino', 'portofino', 4, 10, 7, 11, 'portofino_1.jpg', 1024, '2017-10-05 10:13:13', 'portofino', 10200, 15, 1, '280х160см', '	Акрил Како, Акрил Винил', 'Акрил', 'Бежевый гранит 38мм', 'ЛДСП Негро 18мм', 'Hettich, Blum, FGV', 0, 0, 11730),
(36, 1, 'tirol', 'tirol', 'tirol', 'tirol', 'tirol', 5, 11, 1, 12, 'tirol_1.jpg', 1024, '2017-10-05 10:13:13', 'tirol', 10200, 15, 0, '280х160см', '	Акрил Како, Акрил Винил', 'Акрил', 'Бежевый гранит 38мм', 'ЛДСП Негро 18мм', 'Hettich, Blum, FGV', 0, 0, 11730),
(37, 1, 'tivoli', 'tivoli', 'tivoli', 'tivoli', 'tivoli', 6, 12, 2, 10, 'tivoli_1.jpg', 1024, '2017-10-05 10:13:13', 'tivoli', 10200, 15, 0, '280х160см', '	Акрил Како, Акрил Винил', 'Акрил', 'Бежевый гранит 38мм', 'ЛДСП Негро 18мм', 'Hettich, Blum, FGV', 0, 0, 11730),
(38, 1, 'weiden', 'weiden', 'weiden', 'weiden', 'weiden', 7, 13, 3, 11, 'weiden_1.jpg', 1024, '2017-10-05 10:13:13', 'weiden', 10200, 15, 0, '280х160см', '	Акрил Како, Акрил Винил', 'Акрил', 'Бежевый гранит 38мм', 'ЛДСП Негро 18мм', 'Hettich, Blum, FGV', 0, 0, 11730),
(39, 1, 'pasadena', 'pasadena', 'pasadena', 'pasadena', 'pasadena', 8, 9, 6, 10, 'pasadena_1.jpg', 1024, '2017-10-05 10:13:13', 'pasadena', 10200, 15, 0, '280х160см', '	Акрил Како, Акрил Винил', 'Акрил', 'Бежевый гранит 38мм', 'ЛДСП Негро 18мм', 'Hettich, Blum, FGV', 0, 0, 11730),
(40, 1, 'art', 'art', 'art', 'art', 'art', 1, 1, 1, 1, 'art_1.jpg', 1024, '2017-11-08 20:25:36', 'art_1_2', 10000, 10, 1, '100x100', 'Акрил Како, Акрил Винил', 'Акрил', 'Бежевый гранит 38мм', 'ЛДСП Негро 18мм', 'Hettich, Blum, FGV', 0, 2, 11000),
(41, 1, 'art', 'art', 'art', 'art', 'art', 1, 1, 1, 1, 'art_1.jpg', 1024, '2017-11-08 20:27:33', 'art_1_2', 10000, 10, 1, '100x100', 'Акрил Како, Акрил Винил', 'Акрил', 'Бежевый гранит 38мм', 'ЛДСП Негро 18мм', 'Hettich, Blum, FGV', 0, 2, 11000),
(42, 1, 'art', 'art', 'art', 'art', 'art', 1, 1, 1, 1, 'art_1.jpg', 1024, '2017-11-08 20:27:56', 'art_1_2', 10000, 10, 1, '100x100', 'Акрил Како, Акрил Винил', 'Акрил', 'Бежевый гранит 38мм', 'ЛДСП Негро 18мм', 'Hettich, Blum, FGV', 0, 2, 11000),
(43, 1, '123', '123', '123', '12312412', '124234142', 1, 1, 1, 1, 'artwood_1.jpg', 401404, '2017-11-09 12:47:44', 'blablabla', 1111, 1111, 1, '123', '123', '123', '123', '123', '123', 1, 32, 13454.21);

--
-- Триггеры `kuhni`
--
DELIMITER $$
CREATE TRIGGER `discounts` BEFORE UPDATE ON `kuhni` FOR EACH ROW BEGIN
   set new.noDiscountPrice = (old.price * old.discount)/100 + old.price;
END
$$
DELIMITER ;

CREATE TABLE `kuhni_color` (
  `id` int(11) NOT NULL,
  `title` varchar(255) COLLATE utf8_unicode_ci NOT NULL,
  `keywords` varchar(255) COLLATE utf8_unicode_ci NOT NULL,
  `main_description` varchar(255) COLLATE utf8_unicode_ci NOT NULL,
  `color` varchar(255) COLLATE utf8_unicode_ci NOT NULL,
  `slug` varchar(255) COLLATE utf8_unicode_ci NOT NULL
) ENGINE=InnoDB DEFAULT CHARSET=utf8 COLLATE=utf8_unicode_ci;

--
-- Дамп данных таблицы `kuhni_color`
--

INSERT INTO `kuhni_color` (`id`, `title`, `keywords`, `main_description`, `color`, `slug`) VALUES
(1, 'Белые', 'Белые', 'White', 'white', 'white'),
(2, 'Черные', 'Черные', 'Black', 'black', 'black'),
(3, 'Серые', 'Серые', 'Gray', '#666666', 'gray'),
(4, 'Зеленые', 'Зеленые', 'Green', '#009900', 'green'),
(5, 'Бежевые', 'Бежевые', 'Beige', '#FFFFCC', 'beige'),
(6, 'Красные', 'Красные', 'Reds', '#CC0000', 'reds'),
(7, 'Коричневые', 'Коричневые', 'Brown', '#663300', 'brown'),
(8, 'Желтые', 'Желтые', 'Yellow', '#FFCC00', 'yellow'),
(9, 'Оранжевые', 'Оранжевые', 'Orange', '#FF6600', 'orange'),
(10, 'Синие', 'Синие', 'Blue', '#003399', 'blue'),
(11, 'Голубые', 'Голубые', 'Blue', '#66CCFF', 'blue'),
(12, 'Фиолетовые', 'Фиолетовые', 'Purple', '#330066', 'purple');

-- --------------------------------------------------------


INSERT INTO `kuhni_config` (`id`, `title`, `keywords`, `main_description`, `imageName`, `imageSize`, `updated`, `slug`) VALUES
(1, 'Прямые кухни', 'Прямые кухни', 'Прямые кухни', 'kitchentype_line.svg', 1024, '2017-10-04 14:43:15', 'line'),
(2, 'Угловые кухни', 'Угловые кухни', 'Угловые кухни', 'kitchentype_degree.svg', 1024, '2017-10-04 14:43:15', 'degree'),
(3, 'П образные кухни', 'П образные кухни', 'П образные кухни', 'kitchentype_pobraznye.svg', 1024, '2017-10-04 14:43:15', 'pobraznye'),
(4, 'Кухни с островом', 'Кухни с островом', 'Кухни с островом', 'kitchentype_sostrovom.svg', 1024, '2017-10-04 14:43:15', 'sostrovom'),
(5, 'Малогабаритные кухни', 'Малогабаритные кухни', 'Малогабаритные кухни', 'kitchentype_small.svg', 1024, '2017-10-04 14:43:15', 'small'),
(6, 'Кухня гостиная', 'Кухня гостиная', 'Кухня гостиная', 'kitchentype_gostinaya.svg', 1024, '2017-10-04 14:43:15', 'gostinaya'),
(7, 'Кухня столовая', 'Кухня столовая', 'Кухня столовая', 'kitchentype_stolovaya.svg', 1024, '2017-10-04 14:43:15', 'stolovaya');

-- --------------------------------------------------------

INSERT INTO `kuhni_images` (`id`, `kuhni_id`, `title`, `imageName`, `imageSize`, `updated`) VALUES
(1, 1, 'alberta_1', 'alberta_1.jpg', 1024, '2017-10-04 19:46:46'),
(2, 1, 'alberta_2', 'alberta_2.jpg', 1024, '2017-10-04 19:46:46'),
(3, 1, 'alberta_3', 'alberta_3.jpg', 1024, '2017-10-04 19:46:46'),
(4, 1, 'alberta_4', 'alberta_4.jpg', 1024, '2017-10-04 19:46:46'),
(5, 2, 'annetta_1', 'annetta_1.jpg', 1024, '2017-10-04 19:46:46'),
(6, 2, 'annetta_2', 'annetta_2.jpg', 1024, '2017-10-04 19:46:46'),
(7, 2, 'annetta_3', 'annetta_3.jpg', 1024, '2017-10-04 19:46:46'),
(8, 2, 'annetta_4', 'annetta_4.jpg', 1024, '2017-10-04 19:46:46'),
(9, 3, 'art_1', 'art_1.jpg', 1024, '2017-10-04 19:46:46'),
(10, 3, 'art_2', 'art_2.jpg', 1024, '2017-10-04 19:46:46'),
(11, 3, 'art_3', 'art_3.jpg', 1024, '2017-10-04 19:46:46'),
(12, 3, 'art_4', 'art_4.jpg', 1024, '2017-10-04 19:46:46'),
(13, 4, 'artwood_1', 'artwood_1.jpg', 1024, '2017-10-04 19:46:46'),
(14, 4, 'artwood_2', 'artwood_2.jpg', 1024, '2017-10-04 19:46:46'),
(15, 4, 'artwood_3', 'artwood_3.jpg', 1024, '2017-10-04 19:46:46'),
(16, 4, 'artwood_4', 'artwood_4.jpg', 1024, '2017-10-04 19:46:46'),
(17, 5, 'belfast_1', 'belfast_1.jpg', 1024, '2017-10-04 19:46:46'),
(18, 5, 'belfast_2', 'belfast_2.jpg', 1024, '2017-10-04 19:46:46'),
(19, 5, 'belfast_3', 'belfast_3.jpg', 1024, '2017-10-04 19:46:46'),
(20, 5, 'belfast_4', 'belfast_4.jpg', 1024, '2017-10-04 19:46:46'),
(21, 6, 'bergen_1', 'bergen_1.jpg', 1024, '2017-10-04 19:46:46'),
(22, 6, 'bergen_2', 'bergen_2.jpg', 1024, '2017-10-04 19:46:46'),
(23, 6, 'bergen_3', 'bergen_3.jpg', 1024, '2017-10-04 19:46:46'),
(24, 6, 'bergen_4', 'bergen_4.jpg', 1024, '2017-10-04 19:46:46'),
(25, 7, 'born_1', 'born_1.jpg', 1024, '2017-10-04 19:46:46'),
(26, 7, 'born_2', 'born_2.jpg', 1024, '2017-10-04 19:46:46'),
(27, 7, 'born_3', 'born_3.jpg', 1024, '2017-10-04 19:46:46'),
(28, 8, 'brig_1', 'brig_1.jpg', 1024, '2017-10-04 19:46:46'),
(29, 8, 'brig_2', 'brig_2.jpg', 1024, '2017-10-04 19:46:46'),
(30, 8, 'brig_3', 'brig_3.jpg', 1024, '2017-10-04 19:46:46'),
(31, 8, 'brig_4', 'brig_4.jpg', 1024, '2017-10-04 19:46:46'),
(32, 9, 'brunnen_1', 'brunnen_1.jpg', 1024, '2017-10-04 19:46:46'),
(33, 9, 'brunnen_2', 'brunnen_2.jpg', 1024, '2017-10-04 19:46:46'),
(34, 9, 'brunnen_3', 'brunnen_3.jpg', 1024, '2017-10-04 19:46:46'),
(35, 9, 'brunnen_4', 'brunnen_4.jpg', 1024, '2017-10-04 19:46:46'),
(36, 10, 'chicago_1', 'chicago_1.jpg', 1024, '2017-10-04 19:46:46'),
(37, 10, 'chicago_2', 'chicago_2.jpg', 1024, '2017-10-04 19:46:46'),
(38, 10, 'chicago_3', 'chicago_3.jpg', 1024, '2017-10-04 19:46:46'),
(39, 10, 'chicago_4', 'chicago_4.jpg', 1024, '2017-10-04 19:46:46'),
(40, 11, 'fortwood_1', 'fortwood_1.jpg', 1024, '2017-10-04 19:46:46'),
(41, 11, 'fortwood_2', 'fortwood_2.jpg', 1024, '2017-10-04 19:46:46'),
(42, 11, 'fortwood_3', 'fortwood_3.jpg', 1024, '2017-10-04 19:46:46'),
(43, 11, 'fortwood_4', 'fortwood_4.jpg', 1024, '2017-10-04 19:46:46'),
(44, 11, 'fortwood_5', 'fortwood_5.jpg', 1024, '2017-10-04 19:46:46'),
(45, 12, 'fortwood_v2_1', 'fortwood_v2_1.jpg', 1024, '2017-10-04 19:46:46'),
(46, 12, 'fortwood_v2_2', 'fortwood_v2_2.jpg', 1024, '2017-10-04 19:46:46'),
(47, 12, 'fortwood_v2_3', 'fortwood_v2_3.jpg', 1024, '2017-10-04 19:46:46'),
(48, 13, 'glasgow_1', 'glasgow_1.jpg', 1024, '2017-10-04 19:46:46'),
(49, 13, 'glasgow_2', 'glasgow_2.jpg', 1024, '2017-10-04 19:46:46'),
(50, 13, 'glasgow_3', 'glasgow_3.jpg', 1024, '2017-10-04 19:46:46'),
(51, 13, 'glasgow_4', 'glasgow_4.jpg', 1024, '2017-10-04 19:46:46'),
(52, 14, 'hagen_1', 'hagen_1.jpg', 1024, '2017-10-04 19:46:46'),
(53, 14, 'hagen_2', 'hagen_2.jpg', 1024, '2017-10-04 19:46:46'),
(54, 14, 'hagen_3', 'hagen_3.jpg', 1024, '2017-10-04 19:46:46'),
(55, 14, 'hagen_4', 'hagen_4.jpg', 1024, '2017-10-04 19:46:46'),
(56, 15, 'integro_ashes_1', 'integro-ashes_1.jpg', 1024, '2017-10-04 19:46:46'),
(57, 15, 'integro_ashes_2', 'integro-ashes_2.jpg', 1024, '2017-10-04 19:46:46'),
(58, 15, 'integro_ashes_3', 'integro-ashes_3.jpg', 1024, '2017-10-04 19:46:46'),
(59, 15, 'integro_ashes_4', 'integro-ashes_4.jpg', 1024, '2017-10-04 19:46:46'),
(60, 16, 'integro_graphite_1', 'integro-graphite_1.jpg', 1024, '2017-10-04 19:46:46'),
(61, 16, 'integro_graphite_2', 'integro-graphite_2.jpg', 1024, '2017-10-04 19:46:46'),
(62, 16, 'integro_graphite_3', 'integro-graphite_3.jpg', 1024, '2017-10-04 19:46:46'),
(63, 16, 'integro_graphite_4', 'integro-graphite_4.jpg', 1024, '2017-10-04 19:46:46'),
(64, 17, 'leon_1', 'leon_1.jpg', 1024, '2017-10-04 19:46:46'),
(65, 17, 'leon_2', 'leon_2.jpg', 1024, '2017-10-04 19:46:46'),
(66, 17, 'leon_3', 'leon_3.jpg', 1024, '2017-10-04 19:46:46'),
(67, 17, 'leon_4', 'leon_4.jpg', 1024, '2017-10-04 19:46:46'),
(68, 18, 'linnea_1', 'linnea_1.jpg', 1024, '2017-10-04 19:46:46'),
(69, 18, 'linnea_2', 'linnea_2.jpg', 1024, '2017-10-04 19:46:46'),
(70, 18, 'linnea_3', 'linnea_3.jpg', 1024, '2017-10-04 19:46:46'),
(71, 18, 'linnea_4', 'linnea_4.jpg', 1024, '2017-10-04 19:46:46'),
(72, 19, 'loft_1', 'loft_1.jpg', 1024, '2017-10-04 19:46:46'),
(73, 19, 'loft_2', 'loft_2.jpg', 1024, '2017-10-04 19:46:46'),
(74, 19, 'loft_3', 'loft_3.jpg', 1024, '2017-10-04 19:46:46'),
(75, 19, 'loft_4', 'loft_4.jpg', 1024, '2017-10-04 19:46:46'),
(76, 20, 'london_1', 'london_1.jpg', 1024, '2017-10-04 19:46:46'),
(77, 20, 'london_2', 'london_2.jpg', 1024, '2017-10-04 19:46:46'),
(78, 20, 'london_3', 'london_3.jpg', 1024, '2017-10-04 19:46:46'),
(79, 20, 'london_4', 'london_4.jpg', 1024, '2017-10-04 19:46:46'),
(80, 21, 'longford_1', 'longford_1.jpg', 1024, '2017-10-04 19:46:46'),
(81, 21, 'longford_2', 'longford_2.jpg', 1024, '2017-10-04 19:46:46'),
(82, 21, 'longford_3', 'longford_3.jpg', 1024, '2017-10-04 19:46:46'),
(83, 21, 'longford_4', 'longford_4.jpg', 1024, '2017-10-04 19:46:46'),
(84, 22, 'lotte_1', 'lotte_1.jpg', 1024, '2017-10-04 19:46:46'),
(85, 22, 'lotte_2', 'lotte_2.jpg', 1024, '2017-10-04 19:46:46'),
(86, 22, 'lotte_3', 'lotte_3.jpg', 1024, '2017-10-04 19:46:46'),
(87, 22, 'lotte_4', 'lotte_4.jpg', 1024, '2017-10-04 19:46:46'),
(88, 23, 'lotte_v2_1', 'lotte_v2_1.jpg', 1024, '2017-10-04 19:46:46'),
(89, 23, 'lotte_v2_2', 'lotte_v2_2.jpg', 1024, '2017-10-04 19:46:46'),
(90, 23, 'lotte_v2_3', 'lotte_v2_3.jpg', 1024, '2017-10-04 19:46:46'),
(91, 24, 'lugano_1', 'lugano_1.jpg', 1024, '2017-10-04 19:46:46'),
(92, 24, 'lugano_2', 'lugano_2.jpg', 1024, '2017-10-04 19:46:46'),
(93, 24, 'lugano_3', 'lugano_3.jpg', 1024, '2017-10-04 19:46:46'),
(94, 24, 'lugano_4', 'lugano_4.jpg', 1024, '2017-10-04 19:46:46'),
(95, 25, 'madeira_1', 'madeira_1.jpg', 1024, '2017-10-04 19:46:46'),
(96, 25, 'madeira_2', 'madeira_2.jpg', 1024, '2017-10-04 19:46:46'),
(97, 25, 'madeira_3', 'madeira_3.jpg', 1024, '2017-10-04 19:46:46'),
(98, 25, 'madeira_4', 'madeira_4.jpg', 1024, '2017-10-04 19:46:46'),
(99, 26, 'marseille-4_1', 'marseille-4_1.jpg', 1024, '2017-10-04 19:46:46'),
(100, 26, 'marseille-4_2', 'marseille-4_2.jpg', 1024, '2017-10-04 19:46:46'),
(101, 26, 'marseille-4_3', 'marseille-4_3.jpg', 1024, '2017-10-04 19:46:46'),
(102, 26, 'marseille-4_4', 'marseille-4_4.jpg', 1024, '2017-10-04 19:46:46'),
(103, 27, 'nord_1', 'nord_1.jpg', 1024, '2017-10-04 19:46:46'),
(104, 27, 'nord_2', 'nord_2.jpg', 1024, '2017-10-04 19:46:46'),
(105, 27, 'nord_3', 'nord_3.jpg', 1024, '2017-10-04 19:46:46'),
(106, 27, 'nord_4', 'nord_4.jpg', 1024, '2017-10-04 19:46:46'),
(107, 28, 'norfolk_1', 'norfolk_1.jpg', 1024, '2017-10-04 19:46:46'),
(108, 28, 'norfolk_2', 'norfolk_2.jpg', 1024, '2017-10-04 19:46:46'),
(109, 28, 'norfolk_3', 'norfolk_3.jpg', 1024, '2017-10-04 19:46:46'),
(110, 28, 'norfolk_4', 'norfolk_4.jpg', 1024, '2017-10-04 19:46:46'),
(111, 29, 'oldfin_1', 'oldfin_1.jpg', 1024, '2017-10-04 19:46:46'),
(112, 29, 'oldfin_2', 'oldfin_2.jpg', 1024, '2017-10-04 19:46:46'),
(113, 29, 'oldfin_3', 'oldfin_3.jpg', 1024, '2017-10-04 19:46:46'),
(114, 30, 'orion-mat-glossy_1', 'orion-mat-glossy_1.jpg', 1024, '2017-10-04 19:46:46'),
(115, 30, 'orion-mat-glossy_2', 'orion-mat-glossy_2.jpg', 1024, '2017-10-04 19:46:46'),
(116, 30, 'orion-mat-glossy_3', 'orion-mat-glossy_3.jpg', 1024, '2017-10-04 19:46:46'),
(117, 30, 'orion-mat-glossy_4', 'orion-mat-glossy_4.jpg', 1024, '2017-10-04 19:46:46'),
(118, 31, 'orion-olive-grey_1', 'orion-olive-grey_1.jpg', 1024, '2017-10-04 19:46:46'),
(119, 31, 'orion-olive-grey_2', 'orion-olive-grey_2.jpg', 1024, '2017-10-04 19:46:46'),
(120, 31, 'orion-olive-grey_3', 'orion-olive-grey_3.jpg', 1024, '2017-10-04 19:46:46'),
(121, 31, 'orion-olive-grey_4', 'orion-olive-grey_4.jpg', 1024, '2017-10-04 19:46:46'),
(122, 32, 'palermo_1', 'palermo_1.jpg', 1024, '2017-10-04 19:46:46'),
(123, 32, 'palermo_2', 'palermo_2.jpg', 1024, '2017-10-04 19:46:46'),
(124, 32, 'palermo_3', 'palermo_3.jpg', 1024, '2017-10-04 19:46:46'),
(125, 33, 'paris_1', 'paris_1.jpg', 1024, '2017-10-04 19:46:46'),
(126, 33, 'paris_2', 'paris_2.jpg', 1024, '2017-10-04 19:46:46'),
(127, 33, 'paris_3', 'paris_3.jpg', 1024, '2017-10-04 19:46:46'),
(128, 33, 'paris_4', 'paris_4.jpg', 1024, '2017-10-04 19:46:46'),
(129, 34, 'pasadena_1', 'pasadena_1.jpg', 1024, '2017-10-04 19:46:46'),
(130, 34, 'pasadena_2', 'pasadena_2.jpg', 1024, '2017-10-04 19:46:46'),
(131, 34, 'pasadena_3', 'pasadena_3.jpg', 1024, '2017-10-04 19:46:46'),
(132, 35, 'portofino_1', 'portofino_1.jpg', 1024, '2017-10-04 19:46:46'),
(133, 35, 'portofino_2', 'portofino_2.jpg', 1024, '2017-10-04 19:46:46'),
(134, 35, 'portofino_3', 'portofino_3.jpg', 1024, '2017-10-04 19:46:46'),
(135, 36, 'tirol_1', 'tirol_1.jpg', 1024, '2017-10-04 19:46:46'),
(136, 36, 'tirol_2', 'tirol_2.jpg', 1024, '2017-10-04 19:46:46'),
(137, 36, 'tirol_3', 'tirol_3.jpg', 1024, '2017-10-04 19:46:46'),
(138, 37, 'tivoli_1', 'tivoli_1.jpg', 1024, '2017-10-04 19:46:46'),
(139, 37, 'tivoli_2', 'tivoli_2.jpg', 1024, '2017-10-04 19:46:46'),
(140, 37, 'tivoli_3', 'tivoli_3.jpg', 1024, '2017-10-04 19:46:46'),
(141, 38, 'weiden_1', 'weiden_1.jpg', 1024, '2017-10-04 19:46:46'),
(142, 38, 'weiden_2', 'weiden_2.jpg', 1024, '2017-10-04 19:46:46'),
(143, 38, 'weiden_3', 'weiden_3.jpg', 1024, '2017-10-04 19:46:46');


INSERT INTO `kuhni_massive` (`id`, `title`) VALUES
(1, 'Кухни из дуба'),
(2, 'Кухни из ясеня'),
(3, 'Кухни из ольхи');


INSERT INTO `kuhni_material` (`id`, `title`, `keywords`, `main_description`, `imageName`, `imageSize`, `updated`, `id_massive`, `id_mdf`, `slug`, `id_plastic`, `id_glass`, `id_acryl`, `id_shpon`, `id_dsp`) VALUES
(1, 'Кухни из массива', 'Кухни из массива', 'Кухни из массива', 'kitchenmat-massiv.jpg', 1024, '2017-10-04 14:43:15', 1, NULL, 'massiv', NULL, NULL, NULL, NULL, NULL),
(2, 'Кухни из массива', 'Кухни из массива', 'Кухни из массива', 'kitchenmat-massiv.jpg', 1024, '2017-10-04 14:43:15', 2, NULL, 'massiv', NULL, NULL, NULL, NULL, NULL),
(3, 'Кухни из массива', 'Кухни из массива', 'Кухни из массива', 'kitchenmat-massiv.jpg', 1024, '2017-10-04 14:43:15', 3, NULL, 'massiv', NULL, NULL, NULL, NULL, NULL),
(4, 'Кухни из МДФ', 'Кухни из МДФ', 'Кухни из МДФ', 'kitchenmat-mdf.jpg', 1024, '2017-10-04 14:43:15', NULL, 1, 'mdf', NULL, NULL, NULL, NULL, NULL),
(5, 'Кухни из МДФ', 'Кухни из МДФ', 'Кухни из МДФ', 'kitchenmat-mdf.jpg', 1024, '2017-10-04 14:43:15', NULL, 2, 'mdf', NULL, NULL, NULL, NULL, NULL),
(6, 'Кухни из МДФ', 'Кухни из МДФ', 'Кухни из МДФ', 'kitchenmat-mdf.jpg', 1024, '2017-10-04 14:43:15', NULL, 3, 'mdf', NULL, NULL, NULL, NULL, NULL),
(7, 'Кухни из МДФ', 'Кухни из МДФ', 'Кухни из МДФ', 'kitchenmat-mdf.jpg', 1024, '2017-10-04 14:43:15', NULL, 4, 'mdf', NULL, NULL, NULL, NULL, NULL),
(8, 'Кухни из МДФ', 'Кухни из МДФ', 'Кухни из МДФ', 'kitchenmat-mdf.jpg', 1024, '2017-10-04 14:43:15', NULL, 5, 'mdf', NULL, NULL, NULL, NULL, NULL),
(9, 'Кухни из пластика', 'Кухни из пластика', 'Кухни из пластика', 'kitchenmat-plastic.jpg', 1024, '2017-10-04 14:43:15', NULL, NULL, 'plastic', NULL, NULL, NULL, NULL, NULL),
(10, 'Кухни из стекла', 'Кухни из стекла', 'Кухни из стекла', 'kitchenmat-glass.jpg', 1024, '2017-10-04 14:43:15', NULL, NULL, 'glass', NULL, NULL, NULL, NULL, NULL),
(11, 'Акриловые кухни', 'Акриловые кухни', 'Акриловые кухни', 'kitchenmat-acryl.jpg', 1024, '2017-10-04 14:43:15', NULL, NULL, 'acryl', NULL, NULL, NULL, NULL, NULL),
(12, 'Кухни из шпона', 'Кухни из шпона', 'Кухни из шпона', 'kitchenmat-shpon.jpg', 1024, '2017-10-04 14:43:15', NULL, NULL, 'shpon', NULL, NULL, NULL, NULL, NULL),
(13, 'Кухни из ДСП', 'Кухни из ДСП', 'Кухни из ДСП', 'kitchenmat-dsp.jpg', 1024, '2017-10-04 14:43:15', NULL, NULL, 'dsp', NULL, NULL, NULL, NULL, NULL);

-- --------------------------------------------------------

INSERT INTO `kuhni_mdf` (`id`, `title`) VALUES
(1, 'МДФ рамочный'),
(2, 'МДФ-ПВХ'),
(3, 'МДФ-ПВХ крашеный'),
(4, 'МДФ крашеный (эмаль)'),
(5, 'МДФ лакированный');

-- --------------------------------------------------------

INSERT INTO `kuhni_style` (`id`, `title`, `keywords`, `main_description`, `imageName`, `imageSize`, `updated`, `slug`) VALUES
(1, 'Современные кухни', '23', '45', 'kitchenstyle-sovremennye.jpg', 1024, '2017-10-03 10:01:47', 'sovremennye'),
(2, 'Кухни Прованс', '23', '45', 'kitchenstyle-provans.jpg', 1024, '2017-10-03 10:01:47', 'provans'),
(3, 'Классические кухни', '23', '45', 'kitchenstyle-klassicheskie.jpg', 1024, '2017-10-03 10:01:47', 'klassicheskie'),
(4, 'Кухни Лофт', '23', '45', 'kitchenstyle-loft.jpg', 1024, '2017-10-03 10:01:47', 'loft'),
(5, 'Кухни Кантри', '23', '45', 'kitchenstyle-kantri.jpg', 1024, '2017-10-03 10:01:47', 'kantri'),
(6, 'Кухни Хай Тек', '23', '45', 'kitchenstyle-haitek.jpg', 1024, '2017-10-03 10:01:47', 'haitek'),
(7, 'Кухни в Скандинавском стиле', '23', '45', 'kitchenstyle-skandinavskiy.jpg', 1024, '2017-10-03 10:01:47', 'skandinavskiy'),
(8, 'Ретро кухни', '23', '45', 'kitchenstyle-retro.jpg', 1024, '2017-10-03 10:01:47', 'retro'),
(9, 'Кухни Минимализм', '23', '45', 'kitchenstyle-minimalizm.jpg', 1024, '2017-10-03 10:01:47', 'minimalizm'),
(10, 'Кухни Модерн', '23', '45', 'kitchenstyle-modern.jpg', 1024, '2017-10-03 10:01:47', 'modern');

-- --------------------------------------------------------

--
-- Дамп данных таблицы `promo`
--

INSERT INTO `promo` (`id`, `name`, `phone`, `gorod`, `email`, `discount`, `url`, `geoIP`) VALUES
(1, 'Антон Бабич', '+7 (495)123-45-678', 'Гродно', 'pipets1675@gmail.com', '40%', 'http://kitchen/web/app_dev.php/promo', 'Не удалось определить координаты посетителя'),
(2, 'Антон Бабич', '298324405', 'Гродно', '', '40%', 'http://kitchen/web/app_dev.php/promo', 'Не удалось определить координаты посетителя');

-- --------------------------------------------------------

INSERT INTO `request_call` (`id`, `name`, `phone`, `geoIP`, `url`, `created`, `id_salon`) VALUES
(1, 'Anthony', '+7 (234) 234-23-52', 'Не удалось определить координаты посетителя', 'http://kitchen/web/app_dev.php/', '2017-10-18 13:04:58', NULL),
(2, 'Anthony', '+7 (___) ___-__-__', 'Не удалось определить координаты посетителя', 'http://kitchen/web/app_dev.php/', '2017-10-18 13:07:37', NULL),
(3, '6', '+7 (___) ___-__-__', 'Не удалось определить координаты посетителя', 'http://kitchen/web/app_dev.php/', '2017-10-18 15:10:32', NULL),
(4, 'Антон Бабич', '+7 (423) 423-42-34', 'Не удалось определить координаты посетителя', 'http://kitchen/web/app_dev.php/', '2017-10-19 09:15:28', NULL),
(5, 'Антон Бабич', '+7(495)123-45-678', 'Не удалось определить координаты посетителя', 'http://kitchen/web/app_dev.php/', '2017-10-20 09:07:09', NULL),
(6, 'Anthony', '+7 (495)123-45-678', 'Не удалось определить координаты посетителя', 'http://kitchen/web/app_dev.php/', '2017-10-20 09:11:36', NULL);

-- --------------------------------------------------------

--
-- Структура таблицы `reviews`
--

INSERT INTO `reviews` (`id`, `id_salon`, `name`, `email`, `phone`, `geoIP`, `created`, `url`, `message`, `star`) VALUES
(1, 2, 'Ольга1', 'email@mail.ru', '+7 111 111 111 1', 'Не найден', '2017-11-06 00:00:00', 'http://kitchens/web/app_dev.php/', 'У меня кухня получилось то, что нужно! Полностью соответствует моим запросам! Кухня комбинированная. Ничего лишнего, все расположено очень удобно. 1111111111111111111111111111111111111111111111111111111111111111', 5),
(2, 2, 'Ольга2', 'email@mail.ru', '+7 111 111 111 1', 'Не найден', '2017-11-07 00:00:00', 'http://kitchens/web/app_dev.php/', 'У меня кухня получилось то, что нужно! Полностью соответствует моим запросам! Кухня комбинированная. Ничего лишнего, все расположено очень удобно. 222222222222222222222222222222222222222222222222', 5),
(3, 2, 'Ольга3', 'email@mail.ru', '+7 111 111 111 1', 'Не найден', '2017-11-03 00:00:00', 'http://kitchens/web/app_dev.php/', 'У меня кухня получилось то, что нужно! Полностью соответствует моим запросам! Кухня комбинированная. Ничего лишнего, все расположено очень удобно.  33333333333333333333333333333333333333333333333333333333333333', 5),
(4, 2, 'Ольга4', 'email@mail.ru', '+7 111 111 111 1', 'Не найден', '2017-11-04 00:00:00', 'http://kitchens/web/app_dev.php/', 'У меня кухня получилось то, что нужно! Полностью соответствует моим запросам! Кухня комбинированная. Ничего лишнего, все расположено очень удобно. 444444444444444444444444444444444444444444444444444444444444444444444', 5),
(5, 2, 'Антон Бабич', 'pipets1675@gmail.com', '+7 (495)123-45-678', 'Не удалось определить координаты посетителя', '2017-11-06 19:12:03', 'http://kitchens/web/app_dev.php/', '123', 2);

-- --------------------------------------------------------

INSERT INTO `station_moscow` (`id`, `name_station`, `line`, `color`) VALUES
(1, 'Московская', 'Нету', 'blue'),
(2, 'Китайская', 'Нету', 'green');

-- --------------------------------------------------------

INSERT INTO `zayavka_razmer` (`id`, `name`, `phone`, `message`, `geoIP`, `url`, `created`, `id_salon`) VALUES
(1, 'йцу', 123, '123йцу', '123', '123', '2017-10-26 11:07:00', NULL);